Standard_Normal,Normal_Mean5_SD2,Exponential_Lambda1,Gamma_Shape2_Scale2
0.4967141530112327,7.798710873172004,0.5227404730506311,5.042928448618148
-0.13826430117118466,6.849267365825538,0.06828938057355076,0.5216535320216766
0.6476885381006925,5.119260739840349,0.4289699972993807,3.830878569744709
1.5230298564080254,3.706126444588852,0.11765590487807251,16.242312693691968
-0.23415337472333597,6.39644662722718,1.6514857100754803,3.092871403428255
-0.23413695694918055,5.786970770843499,2.9505299850619986,0.5289002127169589
1.5792128155073915,6.790386440055465,0.07506463373245577,6.2994980491074095
0.7674347291529088,6.270343603363939,3.1036562340686857,2.1062338524354023
-0.4694743859349521,7.09910543063867,0.7393515493887611,10.140432223391846
0.5425600435859647,3.9295295768788643,0.35605467627860204,2.570783883426984
-0.46341769281246226,7.634788131268651,0.07997662473957208,4.739377638621076
-0.46572975357025687,5.395199209384799,0.6943964967713936,4.378917574647501
0.24196227156603412,9.150521745250531,1.5823848901976179,2.6638655948751624
-1.913280244657798,3.6216243638208643,1.2278778577836498,6.026354713013869
-1.7249178325130328,8.4719276063305,0.05153122949604646,3.199848183933101
-0.5622875292409727,5.395821566925296,0.07569582405825248,9.953241686332328
-1.0128311203344238,3.6971639927711033,0.5156259312160877,6.442888170120351
0.3142473325952739,4.032228331891357,0.349969609380049,2.473743066414869
-0.9080240755212109,4.3593053836113596,0.2644660917325595,9.216150313151934
-1.4123037013352915,5.848331892803833,0.3299001784555116,2.6747541636348138
1.465648768921554,6.0456709760709995,1.627005031156716,11.063078858478573
-0.22577630048653566,3.852599992122842,2.648292594543428,9.540680132823123
0.06752820468792384,4.951290815478035,0.5193664841775336,4.156377432048826
-1.4247481862134568,9.284540717223727,2.3656420682428903,0.7506822798056328
-0.5443827245251827,8.455086340201422,0.38786446405724956,3.924957679847499
0.11092258970986608,5.872647339348064,0.6470978859895242,1.227016574853511
-1.1509935774223028,5.076006956336401,0.2562208709727886,1.9972597220908626
0.37569801834567196,5.240062653436523,1.0229744619715446,2.1261024266624013
-0.600638689918805,6.227035945460833,3.8623339679763222,1.2170175935642433
-0.2916937497932768,2.954414869603189,0.925061825810096,3.9358100078089797
-0.6017066122293969,4.48524692515331,0.44287742860668416,1.8020488703769304
1.8522781845089378,1.662831852244821,1.0436056184754838,2.7728461452691953
-0.013497224737933921,5.798446245210559,0.13115784425231067,2.141268630733569
-1.0577109289559004,6.294391879405482,2.1951584356663063,4.745289036581225
0.822544912103189,4.033627075401252,0.6993341822032346,4.503573841832339
-1.2208436499710222,8.147973526580065,0.5966554119061018,2.6000659773456443
0.2088635950047554,2.5484686739953175,0.8815627605399604,4.913689393118699
-1.9596701238797756,2.0712502395803596,0.980253053151827,7.619982740118222
-1.3281860488984305,5.448903637119944,0.07448198725566497,0.32685441909948953
0.19686123586912352,7.094196605224309,1.14764672952438,2.040244199928276
0.7384665799954104,8.367855382915737,0.27698176589151047,1.4528529338714042
0.1713682811899705,4.0822314742621195,1.2515978612695335,1.8893342579569399
-0.11564828238824053,7.157361666862592,1.728980713981719,0.25066723973886595
-0.3011036955892888,4.922983060998585,1.6294289459954794,0.3087128758376669
-1.4785219903674274,4.654745400118361,0.8040809030749025,2.2023618131388756
-0.7198442083947086,6.767319874973345,0.7343231800466302,2.150829695905979
-0.4606387709597875,6.304645756826839,0.1541726349642509,8.356535951228114
1.0571222262189157,1.8472156860315012,1.4931945076374282,3.711521810627243
0.3436182895684614,7.9530806994517915,0.3166432691086065,4.825435925094262
-1.763040155362734,7.760182708294903,0.6865597708997226,27.220465369030773
0.324083969394795,3.748874596980941,0.3344579966637421,10.063894118362995
-0.38508228041631654,5.791607066874818,0.14367219490729619,3.2171967217944504
-0.6769220003059587,5.988060372565478,0.9930575734759224,2.3535632204765835
0.6116762888408679,5.521347531647814,0.05586375972591637,2.0678875070653326
1.030999522495951,3.8993896923091595,1.3808899279180804,4.258558015915188
0.9312801191161986,3.656753264123897,0.38211993255389654,2.370066045927954
-0.8392175232226385,4.9488918580171095,0.0001347020764026737,1.1840728784378094
-0.3092123758512146,7.345458038518729,0.7156569128044452,2.1333570900160255
0.33126343140356396,6.087200309188865,0.04798499236125218,4.3471585835285325
0.9755451271223592,4.258771335827788,0.3231981099097797,5.435070553057493
-0.47917423784528995,6.54339742129669,1.2275024255933231,10.747131285831234
-0.18565897666381712,-0.6970852412601509,0.06474080465882678,3.59300824150333
-1.1063349740060282,7.297531400744207,1.8284555642147864,7.9236436664214
-1.1962066240806708,1.5205724424438007,0.003827237196396057,2.855474965474864
0.812525822394198,4.275118117193736,0.2834561730914955,3.1703317465027117
1.356240028570823,2.7606602107477123,1.3505568463111042,3.042147269485095
-0.07201012158033385,2.4106370485581885,0.3801923951197497,3.9190228494160406
1.0035328978920242,7.321653574757039,0.10746538274379351,6.118773882706475
0.36163602504763415,4.064597597376217,0.446652667564808,2.290055503306726
-0.6451197546051243,5.693007763461432,0.31524963848875603,1.524143595975319
0.36139560550841393,4.906158842241632,1.8496761371370292,6.458330309757966
1.5380365664659692,5.954081654446243,0.37592754529383976,6.145491664497711
-0.03582603910995154,5.15364378212051,1.5555771577313506,8.764848188257359
1.5646436558140062,2.4340155516228608,2.2244409077040284,2.004415269956514
-2.6197451040897444,6.99253363889428,0.5688386725432963,2.775075633262167
0.8219025043752238,4.012486833677375,2.4073140731611966,6.6253584085880615
0.08704706823817121,1.886836202680498,0.47371941055951605,2.268101230744691
-0.2990073504658674,4.143769678068175,3.326416952168716,5.2755963280433456
0.0917607765355023,8.00151958126862,0.09353024181236151,2.865254030578059
-1.9875689146008928,6.7004434842269855,1.1616136446599883,4.242006188817154
-0.21967188783751193,4.302695731184282,0.6808511682311532,1.1613976954664966
0.3571125715117464,4.301484591363143,0.4904493137625131,3.5582191178880302
1.477894044741516,4.356729897565235,1.0016086674053277,7.517454643077318
-0.5182702182736474,9.153495967121682,1.2169131426351243,5.770456622484618
-0.8084936028931876,5.763870904463107,0.0043728164917464125,1.4345105198102124
-0.5017570435845365,5.8600832943821395,0.182665322371209,10.186644266435614
0.9154021177020741,7.060566908063684,1.2484335312686663,7.209278665451894
0.32875110965968446,5.477578318053027,1.0977688851674723,1.2151315006871042
-0.5297602037670388,4.481915708358594,3.3827929410405413,2.145570847788056
0.5132674331133561,4.607300301830043,1.4314498577567405,1.28184866124707
0.09707754934804039,4.856797481171872,3.011307088376879,4.328850344033227
0.9686449905328892,4.925555526980316,1.2124772028770874,2.0669139786753656
-0.7020530938773524,6.4552590872739595,0.35389624900326483,0.43250801047508947
-0.3276621465977682,5.103891771614599,0.1113393782120359,3.1592428591580726
-0.39210815313215763,6.465280154431158,1.5224525761144807,6.283615685461943
-1.4635149481321186,4.838566839782835,1.033243797452025,3.6139122203155867
0.29612027706457605,5.157270380632181,0.04938565445154199,4.942714945130388
0.26105527217988933,1.0035986309357847,0.4463659587077571,3.876315510673035
0.00511345664246089,6.832655349404963,3.1419105125441145,5.604866479479988
-0.23458713337514692,5.692976951795986,0.6939497939883504,4.1357698459344805
-1.4153707420504142,6.996020219719305,0.566918375072549,3.026432535005066
-0.42064532276535904,-0.7925107563873786,0.6119351970499989,3.5802787425211555
-0.3427145165267695,9.176749409561456,0.2343090592525958,8.981681440654217
-0.8022772692216189,4.720820743689653,0.45998545255917017,5.14221907759714
-0.16128571166600914,7.216365633475033,0.4617390844520374,1.430096912873807
0.4040508568145384,2.9201881457489383,0.05377534073609781,3.53741601396058
1.8861859012105302,6.225547810125139,1.4591559716130498,4.272763643603256
0.17457781283183896,2.8931688736526877,0.5387184226637698,2.9483117013595805
0.25755039072276437,3.7524620786083895,1.726982839782898,0.43545779706578575
-0.07444591576616721,8.828062707733572,1.8994426877388573,1.568792672186474
-1.9187712152990415,4.6186351984733065,0.23824964435406248,2.3753950314533117
-0.026513875449216878,5.434865746359446,1.0710559234713095,10.968849451800127
0.06023020994102644,6.740135461377508,0.6391928577607432,4.7523490671846345
2.463242112485286,5.991363775945209,2.12157053930236,0.7217576088807895
-0.19236096478112252,5.3008378102871525,0.24301554696629724,3.097363785180538
0.30154734233361247,5.729922004932451,1.1326237783834447,8.06206274194987
-0.03471176970524331,9.80683117047655,0.9358612978430901,2.042140373246185
-1.168678037619532,4.884762405932829,0.349985195390159,6.797476989591697
1.1428228145150205,5.402198093429935,0.14687824248068754,0.748101377907894
0.7519330326867741,7.1013087920152245,1.0545181635854284,0.06469615077463955
0.7910319470430469,7.211051865915968,1.341693753785471,7.492027958444438
-0.9093874547947389,7.37406061112076,0.37925269066017675,2.274767297280292
1.4027943109360992,6.277460444058369,1.0351660626804982,2.4274442708644712
-1.4018510627922809,2.713990174539033,0.5027432205813674,3.8495760672487354
0.5868570938002703,8.266863064602191,1.2489941708327505,4.632944065785717
2.1904556258099785,2.707309213962624,0.222163125706071,0.15232371589375485
-0.9905363251306883,5.605270930478066,2.2092313952729916,1.9062390659417987
-0.5662977296027719,3.4914482999612844,0.33884849273461876,3.4879611388895233
0.09965136508764122,4.871723306814015,0.45852731518833895,4.6254034589509
-0.5034756541161992,5.657524820606961,0.05984762284370609,1.4142725106209222
-1.5506634310661327,5.642714430900546,0.11823437635671136,2.8278180547504337
0.06856297480602733,5.84384150847057,0.7253850879884061,2.036684545329272
-1.0623037137261049,8.227422538117294,0.3114184672257246,3.9464196917520584
0.4735924306351816,5.90706860302796,1.8047245077470062,7.311030889052625
-0.9194242342338032,4.511686729418702,0.014802405694441707,2.5383240383167074
1.5499344050175394,6.928174336576714,0.47657565565470716,0.8979336189240916
-0.7832532923362371,7.378940977849281,0.411501611341643,1.816614649934407
-0.3220615162056756,2.544784369726015,0.019516851669877114,10.119225343611564
0.8135172173696698,6.194800139699716,0.1328098233045887,1.5744436588958055
-1.2308643164339552,6.402345484621796,0.5338259054757455,1.0931567922662424
0.22745993460412942,4.404872993280016,0.678977219233992,2.412511128947912
1.307142754282428,7.751413626623239,0.5180008832397219,3.097976840397065
-1.6074832345612275,4.699888825934947,0.7570196375133226,2.1448887444558435
0.1846338585323042,5.2511529069430845,0.9041933879635168,0.752760289037597
0.25988279424842353,4.65385635143226,0.009973390458152718,4.234539933097656
0.7818228717773104,5.031158095162935,0.6237986699666189,3.9494479349610634
-1.236950710878082,2.8074498262095964,3.310422221009638,5.46091872616896
-1.3204566130842763,2.1198982348114113,0.7319551215848256,3.8835105760592845
0.5219415656168976,8.189010126449944,1.1317832132238965,9.57141212594554
0.29698467323318606,3.3060773033633444,0.37376857968988036,5.762077996191315
0.25049285034587654,3.0172153010873854,1.4871821306709976,4.974884280157065
0.3464482094969757,0.6932197727925704,1.48245942648968,7.493223803314994
-0.6800247215784908,3.7220765046209956,0.7366729262027566,3.709033548838001
0.23225369716100355,2.3538204131850033,3.7302775845358447,2.8761391285842683
0.29307247329868125,8.284030320272738,0.1341604072843749,4.199522829677367
-0.7143514180263678,7.019634178685268,0.0170929200584672,0.4073068025895469
1.8657745111447566,3.6236993096445524,1.4703640839597827,3.717990650006174
0.4738329209117875,9.504871610688618,1.6458713080659462,3.0953419225732306
-1.1913034972026486,6.963530973983189,0.12806888687847065,4.538382462747835
0.6565536086338297,4.350337232982755,0.30867806434803485,6.81137858139286
-0.9746816702273214,0.0011885702528537934,0.017708232706465002,5.0784557497970155
0.787084603742452,9.581885145181484,0.3471612158516566,1.82100838317237
1.158595579007404,2.220855066472808,1.483430452128112,6.066284639276502
-0.8206823183517105,1.7092025060862164,0.72972927557207,9.663636685441578
0.9633761292443218,7.045140864019281,0.4278573430933416,6.932186230791177
0.4127809269364983,9.879504812678546,0.4648000631593654,0.9851924690891647
0.82206015999449,7.768545637021036,0.0013545426943478147,5.040419366100146
1.8967929826539474,6.12781824010472,0.35639002391120705,1.143473975840424
-0.2453881160028705,6.189508683330572,1.0397550865605174,2.6544145471667706
-0.7537361643574896,6.706831117560616,3.6571654542851797,4.4419186379249975
-0.8895144296255233,6.5178571795735305,1.8777149986246913,4.025707188015736
-0.8158102849654383,5.562382847938752,0.0238777834155165,6.840451191529566
-0.0771017094141042,5.208402207903752,2.288293749222259,9.69478055547846
0.3411519748166439,4.874813744200956,1.5287726907101524,4.769283162732102
0.27669079933001905,3.4920708222666477,1.5158388483489995,2.4917288560942614
0.8271832490360238,4.438649846266452,0.612481452856446,0.4344292049807419
0.01300189187790702,1.614086371609229,0.5075066259951957,8.027247279443612
1.4535340771573169,4.8033207464105,0.36084896998231303,3.108199457896198
-0.2646568332379561,3.022817785698165,0.06795219063427087,3.23726433780068
2.720169166589619,2.792821365568458,0.2590756504330275,3.4411782451158754
0.6256673477650062,5.359788302306957,0.2831638085009333,4.61298221813709
-0.8571575564162826,7.784004572689199,0.661797884559367,4.711373046836496
-1.0708924980611123,6.836633212004626,1.3761238826067157,2.68894149137156
0.4824724152431853,1.858998792753646,0.6420925886156549,3.0839635712640177
-0.2234627853258509,3.020743726859325,0.05958489006248408,2.006549762281892
0.714000494092092,6.881542375976432,3.1650934043967567,1.8197433357101511
0.47323762457354485,3.035025212923381,2.8598791623520436,1.8119108065561604
-0.07282891265687277,4.550733700005951,1.5379992357279177,3.0556833658564146
-0.846793718068405,6.100104198049104,4.747644483359943,1.5128294474950463
-1.5148472246858646,3.0633110902727294,0.7863207766462897,0.05172097025090436
-0.4465149520670211,5.21075101229192,3.2905960797829,2.456186531069071
0.8563987943234723,2.331949010163591,0.07861585344916983,1.0504102528289518
0.21409374413020396,3.7972647120975727,0.45520289964627686,3.6238800794377677
-1.245738778711988,5.639563868285074,0.25538432939859107,1.9997782944633928
0.173180925851182,1.8140125329366614,0.2179484245523082,4.654475701537301
0.3853173797288368,5.880949475920798,0.151756987371085,1.152889554104965
-0.883857436201133,4.960724402146638,0.9739559723919811,0.5475941362365367
0.1537251059455279,6.104979908834295,1.5201542911231598,3.090024419410712
0.058208718445999896,5.447828268129323,0.8634573226958268,2.3705339693577
-1.142970297830623,7.728280859947688,0.15895201566782516,0.9579628550733237
0.3577873603482833,5.250449005295814,1.6666633458146543,5.765323097984662
0.5607845263682344,4.141188917749494,1.010476988217397,1.3574860873330994
1.083051243175277,5.244595006064568,0.49129379477778085,1.7435503921675903
1.053802052034903,6.086596058072776,1.121257657067068,6.538967581445887
-1.377669367957091,5.0977201406514085,0.3009766945987171,4.849793506805679
-0.9378250399151228,5.081183382407764,0.42341353449396285,1.2185917496610175
0.5150352672086598,3.5960166243864893,2.4947854019627047,2.5501100967281602
0.5137859509122088,3.6741981648981037,0.343201132890464,1.0997525443635654
0.5150476863060479,2.194789456400613,0.6348561371298942,6.214270195961913
3.852731490654721,8.499153486373878,2.2085588042617506,6.2113615225895895
0.570890510693167,2.51227352921743,1.2300476518437322,10.640484331143488
1.135565640180599,3.6141896044081854,0.06422201247407275,13.376694297944187
0.9540017634932023,3.5631854688616054,0.15935106340465577,1.9793909882162617
0.651391251305798,6.789848753888883,0.007872497723973615,5.532959114173485
-0.3152692446403456,4.410100643415944,0.9967467068014915,0.4520555799607717
0.7589692204932674,7.495484145347468,0.5936157870102338,3.8346788279258655
-0.7728252145375718,3.653018751512263,0.1441878005901035,4.556914605438073
-0.23681860674000887,5.557988324447604,3.168518343315222,1.429512549609001
-0.48536354782910346,3.3293058934804853,0.7542988546284627,1.8730844626490226
0.08187413938632256,9.290298255546777,0.27693113030920474,6.240514722756621
2.3146585666735087,2.6248031619409744,0.6943550520525156,4.6393996452944855
-1.867265192591748,5.619641420454055,1.1382485262732562,9.757081651479066
0.6862601903745135,6.267553761864197,0.07930213477005081,9.015945411503958
-1.6127158711896517,5.827598194902997,0.32117517658509287,0.6246875475778637
-0.47193186578943347,4.629424682244584,1.644886302350852,2.1543014137104257
1.088950596967366,4.740358600533147,0.6155657215573472,1.2906302745537999
0.06428001909546277,5.087622943958219,0.7909301276058035,5.696649136898453
-1.0777447779293061,4.705995996743023,0.5670715168023113,4.120962608555201
-0.7153037092599682,6.927758233589819,0.04489270890015703,1.3779358115643978
0.6795977489346758,9.421046003182703,0.18122189742519365,1.5900311202839243
-0.7303666317171367,3.885016429984333,0.5897635674222761,7.712830101962018
0.21645858958197486,2.2603940408418444,0.234691808249024,2.3665399579995507
0.045571839903813784,4.82343590329749,0.051271219536126844,0.3616315532909027
-0.6516003476058171,10.159418675308636,1.8556560463874308,1.2624294791432724
2.1439440893253257,3.3926508640605384,3.9735011031952396,11.104969168383995
0.6339190223180112,8.278233610888135,1.5757269365677424,6.6698398365031855
-2.025142586657607,8.355401628152881,1.9226766022694781,1.0296295076971473
0.18645431476942764,3.892823516584011,0.27704172270921135,3.833360624810099
-0.661786464768388,6.137966158370551,3.234674354858788,6.388818397571393
0.852433334796224,8.256793246257075,0.21930804684137822,0.6146157125580741
-0.7925207384327007,4.241744518025026,3.0247453182020516,6.882321315914761
-0.11473644146689901,4.592839279795276,5.262813931989295,4.607549505293549
0.5049872789804571,3.8366381721027123,1.243832781684682,1.7760659070609968
0.8657551941701215,2.9704865386142663,3.970909889426446,5.146112591669368
-1.2002964070557762,3.701444909867986,0.8429003625594063,4.163961668617142
-0.3345012358409484,2.552119466475487,0.3004860724923195,4.375470526286682
-0.4749453111609562,5.068166936518452,0.5744683429928096,3.7305052319622387
-0.6533292325737119,3.4600535378827164,0.9003212637616178,1.5367018502166805
1.7654542402810969,5.467571823581496,0.07588970221384388,1.8118301534181862
0.40498171096095553,1.8882087075927454,0.973769603394951,2.7555579509365904
-1.2608839543350452,5.661760464428914,3.9727202078753883,3.45352833706444
0.9178619470547761,6.6670579232178495,0.2108539411153337,5.363523862348808
2.1221561970126332,1.0125287148570892,1.573082436156245,11.277476543082273
1.0324652605511468,5.748113139695144,2.3848672389512573,3.9673469740290743
-1.5193699659540134,7.455337984946585,2.877089035892496,5.296698002509578
-0.48423407286625136,2.580717962617589,3.2222716944481986,6.166326379163677
1.2669111491866227,8.345144773675408,0.7370147220569544,5.5635051613782185
-0.7076694656187807,5.838038018732091,3.785738784859356,1.483090710745777
0.44381942814622843,3.5899762884831823,1.4159712237241735,8.200772994681497
0.7746340534293368,4.8884618446845876,0.17634517448085626,7.359626850889291
-0.926930471578083,6.116653825043445,0.6479828321383203,3.6922480723988493
-0.05952535606180008,5.152010782824823,1.2670232789212519,1.566734458041927
-3.2412673400690726,6.077511984892738,0.2841420999797959,3.4114770930120217
-1.0243876413342898,3.1586528138412673,1.0233615524613529,0.7086274691132908
-0.2525681513931603,5.3387216480721555,1.0984137455189629,8.916970775406295
-1.2477831819648495,2.1725710061900396,0.1775725437985096,1.9610384443409012
1.6324113039316352,4.7775478773026,0.8326053877086579,2.6435599052101986
-1.4301413779606327,3.1921847170704205,1.476774632041396,8.50123213913083
-0.44004448669698376,3.528940114820467,0.690940945159936,7.837013117565941
0.13074057728609134,7.472186350420875,0.012176955887700333,4.284495522663744
1.4412732890661155,7.182620241188538,0.009079563850904285,9.805605103928956
-1.4358621511794394,6.218276241814354,0.44165619182010674,1.4395345547813687
1.1631637521549596,2.815374470654842,2.6063161770524017,4.286111627708207
0.010233061019587049,4.367183100610396,0.25964777096391695,1.450747456707747
-0.9815086510479509,7.426195399958367,1.00611612505522,7.060054499149424
0.46210347426327075,5.28343382727981,0.2511262797305097,6.893389987225757
0.19905969557347003,9.63865907996339,0.3881213685465557,10.262000639093017
-0.6002168771587947,5.786635678788744,1.8841517017541254,3.332523499724191
0.06980208499001891,5.3840982329800635,1.3051253056263972,12.14139696626061
-0.3853135968617602,4.3817670715949975,0.10026162303666898,1.3397710044719775
0.11351734525124804,5.267081809564565,0.5598443507801786,3.1960797796251565
0.6621306745210467,4.695060327238912,0.029603659802252137,1.3859316227851075
1.586016816145352,6.416217353377181,0.6556397546358057,3.8658205118513256
-1.237815498826849,6.913404633589169,1.0859942668955456,1.5015340092178757
2.1330333746562666,3.4280210789841012,0.12613325343695841,7.0730757558655295
-1.9520877995225019,2.337534092884444,0.34092103232703447,4.716889878821509
-0.15178509503558332,1.3275892537934069,0.5072264842828503,1.2338442948321886
0.5883172064845765,6.015982653825088,2.51988356829711,5.986566221524089
0.28099186773503265,2.793266787652253,4.998956075902351,9.35390776693233
-0.6226995198205938,0.6942188140950343,0.04595106218168274,5.0461392636517655
-0.20812225035727522,5.7771572090619285,1.4313248803005745,0.9042480629773875
-0.4930009346588328,9.985999034865582,0.46477582430548897,2.9633011149311015
-0.5893647569442115,4.987858176920214,0.4983342768841731,5.5089838890081815
0.8496020970210246,6.676981548903283,1.4035014509953418,2.745175702870823
0.35701548596504734,5.16365871709513,2.5062499928371724,1.3235113283680968
-0.6929095952606542,4.8022206936177145,3.014478786587206,7.624554198466358
0.8995998754332507,6.838152965975537,0.8606729434454637,2.651652090027598
0.30729952087660933,4.419450911622698,0.441799000649414,9.35772545418054
0.8128621188389601,5.534784628143806,1.5490443095770987,2.164066385111288
0.6296288419236122,5.643395612392027,0.2890181422787728,2.528318486004659
-0.8289950109220723,3.6638190927139025,0.8302828409517735,2.0231795338472507
-0.5601810401969696,6.984084699073046,0.4440684118766536,2.9237033295127586
0.7472936051232618,4.650080486609182,1.0689498229877938,4.661782107999835
0.6103702654334648,3.4885096810143104,0.27496186888850965,1.3896492603414967
-0.020901593964148132,6.073019687140807,0.2126895672844426,1.1542007689979026
0.117327383308782,3.2030640364179255,2.503955981789687,0.5990694192664462
1.277664895788425,5.056362314738257,0.10736661870379179,0.5156585902545495
-0.5915713888358299,4.981762006711593,0.7051345584098176,0.9155221249662904
0.5470973811700379,7.171791131663156,0.24955526889052512,2.151539624377237
-0.20219265243389406,5.949396465759905,0.03970799371386665,3.813667768502594
-0.2176812032272203,4.949946082509713,0.0366835056113271,4.477980823480724
1.09877685198719,6.635532598400574,0.19264074345832685,3.683323426911193
0.8254163489880298,7.780415098034627,2.0156809818707226,8.658331132520201
0.8135096360006385,6.115620612703724,0.33195270666804944,10.515456942093094
1.305478807154329,5.0207052396867615,3.0049581125357596,2.661805027223951
0.02100384163275905,2.376327535299681,0.8713706491738638,1.4116423215336955
0.6819529712949639,2.869772673849255,0.5737906098150877,12.630765945346376
-0.31026675659345604,4.389550591290664,0.8677121011941032,7.449077937695152
0.3241663524884421,3.7809755956814337,0.7271143589950866,7.081704823794841
-0.13014305436768459,4.626057394029108,1.4220303685493483,2.078960686676637
0.09699596499271819,5.113299849794214,0.33197684839872643,6.089716794366244
0.5951570254369136,6.059385508713461,0.4354868725226266,3.7054318968639977
-0.8182206832334725,4.859002443881818,2.2452062273805207,3.1459609853340704
2.0923872756854602,5.9730032876524035,2.9272611169441505,3.141757582477957
-1.006017381499702,5.12894882962024,2.230806229197307,4.816588209493278
-1.2141886127877322,1.0490668672922574,0.543775893497494,8.845975300176564
1.1581108735000678,3.1213292123624914,1.5157904915515272,13.310283783822673
0.7916626939629359,4.7118248885567695,0.6469045124116817,2.3944139184139623
0.6241198170521551,2.580610514317785,0.6882389499473696,3.8639690068906685
0.6283455092642799,6.199857459992409,0.2290108667160451,3.084574291091233
-0.012246772846914623,8.061501664687395,0.8943587635739941,4.590488059773952
-0.8972543714858315,7.437523703394634,0.20596187747433078,2.7912705320065547
0.07580455819372633,4.573114258139584,0.40281566957291837,1.8767107039956397
-0.6771617115121117,7.9814522736999045,1.931229845290355,2.39715157510316
0.9751197334177512,5.297334914404223,0.23202765991310306,2.1051408060259447
-0.14705738150213865,4.325828057763921,0.07381693700302627,2.9679439501834
-0.8254971967925115,3.7731946729181205,0.07150415706895463,0.9857839643945109
-0.32138584165299344,4.395060627023743,2.826572293283546,2.139434786045078
0.41293145427562433,4.223646362917543,0.7070847345157996,4.558183051077472
-0.5637245528039747,5.340832444750975,0.5266367498016638,4.533930059563658
-0.8222203955664315,5.3211479620997295,1.665366041661833,4.028915082775047
0.2436872114919123,5.006092040306829,1.8068279988809697,8.33841518349307
0.24496657110872277,5.8738763394927,0.4037531240628876,4.688884541967838
-0.5069431753711298,7.381292549572683,1.1829227771663489,8.157478672965684
-0.4710383056183228,6.899108270882648,1.474569733059262,13.31668587103027
0.2320499373576363,2.030204063100193,1.0631988723472205,6.196060220291067
-1.4480843414973241,-0.10784226980390965,0.1643972510280493,0.9907408054679769
-1.4074637743765552,6.868639822478547,2.086531282741948,4.147682087449498
-0.718444221252436,2.266242603169158,0.7745623605709238,3.71076062889626
-0.21344715171184725,4.550469196214633,0.3319439019404437,9.34768302306613
0.3109075655980046,2.659773947881281,0.5537821611877681,3.053628703312295
1.475356216949552,1.3960391248399606,0.038295075702702276,1.6569716758889972
0.8576596232020194,6.082925456409576,0.136813115846664,2.245902032001457
-0.1599385299634271,6.518310320605294,1.4504990735121404,1.0293785717724513
-0.01901620790268883,3.846979198546561,1.1634823050432323e-05,11.940348041518758
-1.0025293646378088,-0.18208458428981977,0.538823650213271,3.382160397661626
-0.01851313599238993,3.9075111034950343,0.7392124409338731,1.131030454505915
-0.2886586389201383,5.783608010805093,0.056183569156496915,9.908428477190492
0.3227185603380895,2.0421768624517425,3.6148175362787756,11.023784693218456
-0.827230943552323,5.3667198395583116,0.2563453451831128,3.8067145089504346
0.5193465142411723,4.969380301654009,0.3626911761341702,0.9360996844527835
1.5327389130025777,6.158582999202177,0.3623230247239586,2.2920499351775336
-0.1087601484568576,5.239160736828307,0.26190603022539466,2.800046031101901
0.40171172209894146,3.0538621182368892,0.001474909230385058,3.4700929974683032
0.6901439917111125,7.393143003328983,1.3069095710746874,1.2763302494082946
-0.40122047188583626,4.68294085394606,3.406576818902749,6.549100678540104
0.22409248181041677,4.945390920980136,0.253981030444211,0.3167375307611675
0.01259240078179486,3.133464081853608,1.0878123934605872,7.2871551773658645
0.09767609854883172,4.11343549761698,1.354393941280624,8.347065118138449
-0.7730097838554665,3.2303945719461984,1.8866772280370347,2.4847573394154474
0.024510174258942714,4.654107880153154,0.5492705793872256,3.1703417744722975
0.49799829124544975,8.423416960284687,0.3608707420593492,9.050859288866741
1.4511436077950417,2.2561977141372873,0.3934799193146354,5.3617879903885886
0.9592708260852069,1.7728772042465177,1.2469545359924232,2.5582652315975896
2.1531824575115563,7.942340654987217,1.697064750630053,2.8120081151910385
-0.7673475628880495,4.581352645696268,0.20042113164163983,4.836119291371255
0.8723206367206782,3.6618545226801666,0.4635302399667804,11.242230843373735
0.18334200573835174,7.079809374792153,2.322177749177033,2.88245107497415
2.1898029332176723,3.788768920526272,1.6434783687293708,2.4946142711148434
-0.8082982853551515,8.652019427093872,4.190309538682376,3.4514665680327647
-0.8397218421807761,6.355851742678539,1.4034334383200409,3.467280931137303
-0.5993926454440222,4.024177183708595,0.4995481228836644,4.238724668021265
-2.123895724309807,9.314616426531007,0.893155023299958,3.178289718868947
-0.525755021680761,3.788570153993323,1.0817972204129243,7.5834829036412765
-0.759132661553698,6.484190744018614,0.08170455545483112,1.5433286379916278
0.15039378647620763,5.598585160812984,0.7863528863524105,4.586636909752801
0.34175597577715944,7.603482578797596,1.2355351233568277,4.717745632412791
1.8761708392158862,8.123022393453706,0.18310743031294469,1.6722639613549204
0.9504238381860503,5.064008298131533,1.5170033059741117,4.553573050913807
-0.5769036556624031,3.4931642593076333,0.8765239671469428,4.807207364205685
-0.898414671348358,5.919944285878233,3.041185511110514,0.15069806573017866
0.4919191715065057,3.6445692604957878,0.0433484105221125,1.41000194357829
-1.3202332070206422,9.026774495053246,0.308328602809438,9.557384674179172
1.8314587658543537,5.273070662165475,0.9201829951622438,2.0455269203774114
1.179440120721287,4.269356897375783,0.3517725691046352,1.1282371990374682
-0.4691756521047048,5.3693606117298165,1.253247660188759,0.4880485927463636
-1.7131345290908775,2.305747420940607,1.4229802649098477,1.2890272692126972
1.3538723741654128,3.056771922978697,0.10815994603859408,3.073343583908241
-0.11453984525261789,7.400827815888851,0.7212472435450759,1.0484672314334818
1.2378163119734618,3.6862114420572087,0.7110882749898155,5.411637240495424
-1.594427658794367,2.906178034636121,0.46089447618725676,1.6449529823716909
-0.5993750229537729,6.073305505054572,2.7019418337671754,4.262640761186503
0.005243699718183166,7.371408309325994,1.7573946801280818,8.658691641006683
0.046980593764742055,6.437906621330134,1.1947137417483797,8.300240235801747
-0.45006547147924364,6.992095371611633,1.2529062038255496,4.208966537986579
0.6228499323474987,3.4864098228610785,0.6193692442292759,1.2081789904461875
-1.0676204293825944,2.1563786665163125,2.5382380757120377,3.241685096643784
-0.1423794850212935,8.002667303910973,1.186117913334209,4.311064522711152
0.12029563171189886,4.354640322315729,1.3055665773552831,14.932436359784651
0.514438834058749,4.498333967089906,1.9782642708715719,0.48205156195785315
0.7116148780888898,7.656388283698115,0.3203038769287745,3.250677915856319
-1.1246420918378692,6.11246001880132,1.645432535124599,5.275817735731788
-1.5341141707356223,5.911775544163215,0.21721193189903326,3.661325688414851
1.277676821898509,9.330004689802168,0.4236422441660145,3.971236360891943
0.33231401197959165,3.712963539239714,0.40888663627022787,1.7363046352043
-0.7484865365565536,6.855680256162474,3.8408876222526156,6.470718794408033
1.551151975522523,5.114026249794169,1.9416796763724424,3.4685085506507862
0.11567463429285867,5.537184557726514,1.207879965984888,3.96047483071168
1.1792971840638264,8.056936852825064,1.2984914234202143,6.947794328312726
0.06751848141010895,6.015671512579248,0.825702579684131,2.6227241858324444
2.060747924881987,6.076592158099266,2.9391755305092016,7.99797178907857
1.7553408424432044,7.145014674619604,0.6856925413210558,1.0118716956427978
-0.2489641484790735,4.270094540914229,0.47887116568217086,4.130501711533392
0.9715709509543554,3.3215806653219873,0.17797342794015172,1.640163543768022
0.6453759495851475,2.910381611957933,1.5427407178831198,1.268680645759073
1.3686315575323487,1.0672868212479965,1.3259292819722024,11.156586779960469
-0.9649234605801045,9.112414259880644,0.48508484284908426,1.067881109273807
0.6860514599984393,2.7935832685566337,0.025516200954391076,3.520715212778741
1.0584244868495878,4.557492752828456,1.8263343161106416,0.9847731299957462
-1.7587394864231143,4.446373400222159,0.011483669104263555,7.667591794706183
-1.183258512665775,5.614813395618201,1.216382080660238,2.4113687103965114
-2.0392321777601006,6.6314744250785935,3.515165157939812,6.922804212451965
-0.26940683444455776,6.720946976719491,0.5756509916369589,5.149125462583113
0.7175422557959623,3.8338451228621233,0.2678446810487069,13.520568393665972
1.502357052096028,4.665756572427177,1.2203427641197981,0.78679836419144
0.07409478041977519,5.5651599009765995,1.6989696010093254,1.398808155131137
1.6286155455712918,4.502617747632906,0.7906063631889005,6.66856632180334
-1.3801014582148914,8.214691152039986,3.412317236403083,4.278764176645812
-1.7033824393551547,5.981949903276503,0.05305138804256164,2.7798137386377393
-0.05554769889661878,6.4697555720996345,0.7027846689285737,11.921257179089942
0.3840654489393073,6.325762537334826,1.267459247349778,3.3350966751466227
-0.03269474809409311,7.34694771497065,1.985153492430679,1.6979955382711747
-2.0674421000398766,5.3620431174074135,0.1975435601599549,6.980145247873499
-0.08912003951278841,2.406336104088307,1.6094553214040426,3.421965901359671
-1.3044695005048532,5.799375903505283,0.8045415873998298,3.6292446565707293
0.6696725488300385,3.697286212416342,0.5050981935027793,5.461395975794804
0.36659824609684827,3.9427666365004863,0.14123531011449272,5.61270314424324
-0.9398797863273552,6.172728037510186,2.004673710604255,1.3809031805191616
-0.5138669173366935,7.476566142867272,0.171112463876311,2.652160976789019
-1.0592135218889516,5.042543153472123,0.37075627822243246,0.8966572188421457
-0.06267909727317188,5.617666025197927,0.3425544405277208,4.325700679942062
0.9551423205012383,8.404429889270476,2.05115760370031,11.026526343271584
-0.9857260463355437,5.4815063589771365,1.1168872457261294,1.4360178430073773
0.5040465155178444,10.203366228360789,1.5929810583106407,0.7259576591669752
-0.5302576183724408,6.1310192912630885,0.28830613219322626,1.951950030705225
-0.7928728322623442,1.4784744816883646,0.9804935749765662,2.7604287722030763
-0.10703035995455783,6.506683242209065,0.8480387621225359,5.647668355437568
-1.035242322419374,5.7623167697655555,1.7887462741929174,2.532154907392212
-0.553649305347182,7.579505508165491,2.3653871012100742,4.383031628196608
-1.1978778925888485,6.346362702539917,0.012231269408971249,2.2078470115358657
1.9647251329163893,4.723088032032452,1.120919000889536,2.88381406343385
0.03526355197172861,2.5514035274212685,0.05322758404622274,1.6472137622050405
-0.6997255079925856,4.58195348542795,0.7959746073698896,1.204944817728061
0.213979910734222,3.2989590915813998,0.339161670569886,5.790829500523351
-0.11232804969082982,3.8389531003905546,0.36640296452946186,2.339486904026788
-0.22096959953322298,6.177156808841219,0.43534484967911713,4.618665326855152
0.6141667000434252,8.339809008702812,0.9709910051382612,1.6236790022195653
0.7575077100473051,5.7893430596459625,0.406540634782834,3.3519024300064135
-0.5305011476105275,2.6082338759296313,1.3193801039927686,0.3271561331811433
-0.57581824064468,5.889205336440281,0.5183998787738292,2.4874569065734105
-0.275051697151644,7.393262973291302,0.07080150641358879,1.7846989446753585
-2.301921164735585,3.780434191361236,1.5313656485833336,7.458732250011395
-1.5151910621985523,4.7319656666541645,0.3365338929517138,1.026158216315242
1.3668742674445247,5.0293763894583945,0.5669849126609429,2.979618180914711
1.6449677135012837,3.43020337383552,1.1565927870318258,4.286522107558818
-0.24903603955637832,6.2965608676877185,0.4041502086904978,6.760501882817658
0.5765569630557664,4.758103702784437,0.05824970382389809,6.131017118651637
0.3112501545435361,5.839064887814056,0.46827879285214735,3.169082285171323
3.0788808084552377,3.2250156443958,2.8904462491680323,3.525056073641894
1.1195749114345768,4.125083399353179,1.026480660671112,7.454193773672476
-0.12791759148076653,6.444762715655543,1.1131549686950415,3.121813288533671
-0.9555404406004258,4.254333695816466,1.0004393567361385,3.8163363747851675
-1.6064463202575725,8.45392770246681,0.2218845179287726,7.621032515478098
0.2034636358672231,4.200727628770795,0.5418586455108922,14.748197066125481
-0.7563507452843033,5.449369451503772,1.390060638098674,4.064782617400541
-1.4222537095976742,6.8651816637461796,0.10688712205436364,4.90881469017728
-0.6465728842425266,2.1632685341339366,0.325526249643295,6.004579984447596
-1.081548003614395,1.4783823760384482,0.323404741308102,7.571757831555511
1.6871416350725648,1.9486873708598105,0.5656671840459809,6.876628209401767
0.8816397569494505,7.525168206854364,3.930632133279656,2.0642965596902916
-0.007972641316617372,3.8962837082151065,0.06988885849612299,4.267985311459789
1.4799441388900259,10.116398571336504,0.7312665687059473,6.9093324803635925
0.0773683076476183,3.871504802685223,0.1976764606755113,8.666575224151222
-0.8612842013282637,5.369102606394074,3.5293675852257738,2.9838645484881536
1.5231240772696573,8.08421990513575,0.12025252515554251,4.192339676005681
0.5389100436846587,9.012185776318246,0.5168453767797387,4.552533403310045
-1.0372461543264564,9.123007153272795,1.3389718823677081,3.4362260756400973
-0.1903386780836082,7.416732461186285,1.219270648703156,4.112813450887031
-0.8756182533847572,7.048125051622925,0.5494428230199097,20.675863087842483
-1.382799730964336,6.185053898402366,0.4254497289318204,2.8864402549728765
0.9261775475316414,6.5567221523332755,0.5068541514341259,3.0662417540562226
1.9094166404701305,3.897628567342933,0.30690058827003935,0.6405422657690346
-1.3985675738191412,3.363602233155386,0.2298320428713375,0.5212719869643666
0.5629692366905709,4.993251085178096,0.6597891918683801,4.787882829068113
-0.6506425691218269,4.659630754950143,0.3127042059539351,6.928656908842643
-0.48712538376469605,4.093543901345449,0.3389215646337138,6.075751793901944
-0.5923939242388692,6.392774894913431,1.069313899383184,1.619618161632866
-0.863990769679816,6.910610417141021,3.4589535693063156,5.829354493769084
0.04852162794482699,5.176813772583695,0.9254253269426673,3.0280108003561246
-0.8309501164110378,7.955060162110524,0.08010379885994509,2.4651270459230936
0.2704568257798388,2.71662177173299,0.07859267448855108,0.9236195159971266
-0.05023810944913695,4.612681081440564,3.02460965743243,1.8076031886313464
-0.23894804686640975,3.5663553587943904,0.35281211471835944,4.868554879506423
-0.9075636620415979,1.26692676585388,0.09658467632080676,4.234798367384852
-0.5767713305683327,4.834638628314601,0.9139050477588241,3.786363639166297
0.755391225825756,4.756504983233433,0.9772324713005839,0.27987018575427314
0.5009171876243808,8.026899486484261,1.0455592808231318,3.8157202459771606
-0.977555244798551,6.2616233691095555,0.31115819666956596,2.0378069359013575
0.09933230542922587,2.95162635134159,0.015226013884891114,4.257336174540444
0.751387123371789,8.708185132668376,3.352846441207963,7.72740066071555
-1.6694052811213718,7.442067391050706,0.2888735095192658,2.304792334513161
0.543360192379935,6.164195406937232,1.127092902446161,3.607605900656032
-0.6626237589458467,4.547031802300336,1.2263202244500762,11.874605338149385
0.5705986685931593,3.0811215265530407,0.9416275581918198,4.101979185766858
-0.7632591565425169,4.255586447857894,0.37528619848408923,3.276139523882004
-1.804882100664519,7.177497239408372,0.31621359103256597,1.6439663576573735
-1.6275424378831627,8.769172611869218,0.9104783632203589,5.9429100937085755
0.048084946661381994,8.086487056544378,2.0106294174939903,1.3959341853068112
0.25972250172148187,4.022301156427452,2.932451960942563,7.958813290675144
-0.9043166251044086,2.7607651334219776,0.11194414515742714,5.3609925471778554
0.6385924587773739,5.281772493822408,0.168215846863097,2.0998130875042404
-1.6615200622689599,1.4631212688742967,2.895638259698919,1.6944563278816294
-0.06607979864731657,5.646335428369563,1.3338356138087226,1.7313963496802496
-1.2110161997624567,4.7047948274026625,2.145528566344447,0.5328281693639302
-0.6518361078021592,4.067926996263515,0.22643977054999206,4.705101282971156
0.047398671316414016,1.810593865466409,0.885727267264709,0.33317521663437066
-0.8604133652839524,6.027200213139433,1.2077786855710813,3.116004419363007
-0.38455554422982535,3.9345983206761774,1.1397839863491777,2.960076841408039
1.0062928092144405,2.660166328579424,0.5245049115039434,2.5589602845105497
-0.5768918695231487,-0.7445244265632986,0.015514623464414973,4.681836326274004
0.8356921120651418,4.9449701898987275,0.8744917510906712,2.1043110231289814
-1.129706854657618,8.544503193339487,0.2918260323785145,3.8230317239695433
0.5298041779152828,8.32251842909574,0.5982993733477003,7.957752954441112
1.4415686206579004,4.0858074868274565,3.1601592595005434,5.0874230393544595
-2.4716445001272893,3.7955758792764387,0.5092191109697122,2.3778507646672398
-0.7968952554704768,5.937548512150047,1.8313422735144418,3.3537213090093854
0.57707212718054,3.0032291216234173,0.20892093117129654,2.5613101228385986
-0.2030453860429927,5.6035837996389315,1.1161466144629726,2.926771052056602
0.37114587337130883,6.53216055676938,3.7725634756856645,3.9114924994654294
-0.6039851867158206,7.453866447768615,0.10746617642062763,0.8798888428777082
0.08658978747289992,4.799691847040094,0.008354746125244858,0.6735583282971631
-0.15567723539207948,4.592652499646068,0.5684243568250689,1.5187149395385942
1.1677820616598074,3.244034826486878,0.09719999573860999,4.843120884936497
0.2544208433012131,3.3462392919202797,1.379852552895761,5.326590299737459
0.3376026620752022,4.547042216196947,2.459808232896316,5.895652454234398
-0.4118769661224674,5.734731013632356,0.5691982557212377,1.574872551914277
-0.48760622407249354,6.827169252466499,0.29936558249531925,3.591930290222397
-0.4325581878196209,3.3936420986393103,0.5698740325333455,2.439383969552433
0.39445214237829684,7.985377137919043,1.2853557519560594,3.023963787642702
-0.42098448082026296,4.457752797914862,0.00909539960722861,2.403741851992913
0.2897748568964129,4.957265411303128,0.890267272289478,4.07811637242202
2.075400798645439,3.5055766417043532,0.9500845778521457,1.885206972174027
0.8711247034316923,0.1515194794541168,1.0152502413531679,7.3662798850509255
-0.32602353216784113,6.7680907927220995,0.2771010230264016,7.410934482459357
1.2012139221639448,6.473687794184867,1.2519478326323366,4.735595997088689
-0.4080753730215514,4.437344885763573,0.095840955605836,6.787968152331104
-2.038124535177854,5.133981434449744,0.2222318875893984,0.8438098446541752
-1.008086310917404,6.031878435408199,2.099399761780521,7.658910379286247
-1.8707919210258557,1.8749082862269146,1.3421747086453293,4.413180772588266
-0.35151348404130867,3.9418946453074106,0.013840898858926483,1.9854506032593655
0.0184183791895517,6.588529359243655,0.2855194264836808,1.816015232785421
1.6764373122752827,2.491421153661501,0.24131577425847264,9.45154721071495
0.32692737376416264,5.587115864333258,0.3158159142692778,5.961721057734736
-0.21910052880886424,2.28683639075319,0.28443371445712246,2.9609827878867874
0.8294055811834892,5.932859964867053,0.0645665703233147,0.8333383642267558
-2.211135309007885,4.9287170354050325,0.6142260553421355,7.924523371867688
0.23561455810856594,1.769736368188981,1.3195088966992705,1.2139943644810385
0.7708651938869668,7.329478708914342,0.9332632656949174,2.475862399262375
-1.4785862457798415,3.5308168464039014,1.117402734303147,2.9577426711240813
1.143754043206929,3.3794951259712382,0.08463149682819496,1.791665571372662
0.3384964074944141,5.401138394461886,3.025999956634014,2.8538612014894436
-0.4152879139008013,7.29727469885743,1.8231995731582893,3.3151763268576064
0.6327818661062848,2.968356362043206,1.6352189994881976,2.807048352031481
2.270692857804396,5.123359699695944,1.7315140536547309,4.228278276966917
0.18186625505849516,5.857633000661146,2.698751193196384,9.685367399801324
0.24822058630033608,6.386211214526288,0.7858195678500353,0.8781057517048251
-0.4593608995402441,5.35288311055445,0.22349613579934705,3.7574893571654666
-0.8498443694647918,4.265944321833356,0.9591554567975783,1.226929325827794
0.8303358165442456,3.344819558702561,1.3582181862348355,0.7892853902407309
-0.8560838259088672,5.172287766092749,1.3390955323734006,6.437146891570285
0.07156623721939247,2.855721976028786,0.7369925411967152,4.000959710525565
-0.4776574467651167,-0.8427009669892147,0.07091477358703707,0.7354393637447036
0.47897982574639186,5.873119608315336,0.46380359075629446,2.8517890487081896
0.3336621052869483,6.807869682172391,2.5353574587032663,1.5224937146461217
1.0375399442578992,0.2741351289163232,0.8781497113730817,2.9320093149193283
-0.510016398854747,2.980538590580125,0.7729091380348863,5.461402536950833
-0.26987493529337125,6.238308522010396,0.31314144858586385,5.075130170641814
-0.9787637157823074,9.114990939423397,0.4595764535531472,2.417984994662334
-0.4442932600761116,5.041587415350816,2.2570964600590058,6.646038674196015
0.3773004930448522,3.543994117541731,1.0980016177460652,8.380940409038807
0.7569886166453519,4.63420711779032,1.5482817930749604,5.5251336441948515
-0.9221653241776254,7.74975283829637,0.6057691464212985,2.0937512623680723
0.8696059201056602,3.708071641750929,0.9949206573550218,3.008669985435326
1.355637858804951,3.401615986699493,0.2855292031963382,9.482605724292775
0.41343490322370086,4.034512955635935,1.2223432806039842,2.56907884560888
1.876795812558066,3.0933427834825755,0.5579195613223623,5.086527719761969
-0.773789199103573,5.245340631989591,0.5843744199039752,1.7699402113207057
-1.244654703311417,8.24935691693912,1.0478877810532037,6.6781572379622425
-1.7787202489042786,5.6461585462320585,2.7532665471097384,1.5930430088343297
1.496044311489183,4.495292995747425,0.06614658309229908,3.1126345563661912
0.6543656563540577,4.416377462168912,1.7415031652071518,4.958983756522405
-0.05558467091045507,1.873618382606686,0.3458524481461356,10.786028790101229
0.2799686263198203,6.766219554294318,0.5868421292278964,3.946472687918052
-1.1254890472983765,4.8443256059743955,0.022156991989469393,2.700102985408519
2.4457519796168263,4.639040172818749,0.3581704585696388,2.5380393930861533
0.1292211819752275,11.38621513568972,0.6984235614676293,6.478432191452564
0.10939479460489289,5.597505816731372,0.05781565284795499,4.675730834627602
0.725766623898692,3.4964178998096314,0.6754953535639746,5.3852310625430935
0.4810092317367132,4.147284807588913,2.6188124511245783,9.039989706629523
0.22388402427913137,7.29689141839351,0.11137100709082458,3.4908940357345206
-0.7904744554453119,5.226540821075529,1.4457927117388012,4.439834337224849
0.4714683571359957,2.1234440433652666,0.5270753607973251,2.510041840966223
1.8820244964750337,6.838457869150407,1.064714509120123,1.7100199440918034
1.3454200461549777,3.663711828922012,0.3014248709145652,2.01733089157176
1.593186626639397,8.74659555243509,0.17374912039518328,0.18701793070983141
-0.5112156764311852,7.160096131429297,0.17490427012821894,4.923101501328596
-0.9896048202585809,4.1053562086824975,0.07309980660067168,4.565638878087509
-0.12578692009964815,7.562032723470226,0.2053609836776891,4.848687067736565
0.055724912288694604,5.1357110210548065,1.091297263786332,1.6099262917344241
1.0941915184709485,6.705547350244439,2.134452152258195,2.0476415366050693
-1.6924646297148194,5.96946563458895,1.6826845626614075,1.9908254894577009
1.5295503194606137,3.3072866900182527,1.155609111636457,7.128460433263464
-0.15800789857898942,3.712900335365076,0.11701917381063148,3.8381968395144184
-0.42688106994742003,7.059921635162322,0.3413465214844297,3.462274650886068
-1.0121043752601675,4.330449335786918,0.3707838297159636,5.738621633923182
-1.6548566718657693,4.1927030735160065,0.2876246692962019,1.9966152207077619
0.8231705839619146,3.089754841301294,0.7236180576173268,4.361542939383465
0.07331796718840389,5.847198131186922,0.766909582939844,11.713925298611231
-1.2899608997410539,9.12504983848629,0.44143323791725775,7.899628161850152
-1.295078772063616,2.8649341714914542,0.4366294487848321,4.313675280905692
-0.3357846992901282,5.0484389133455165,1.7634962509770875,3.562234215497919
1.669021525289393,7.8244411108308585,1.5572860162690783,4.81873936702748
-0.2595913513636048,4.84071721750857,0.3678743259567037,8.640672400710852
-1.5031429531181062,5.904743592499468,2.450951048502833,8.234321988150162
-0.24574306408594432,2.8752129437062406,3.053679593846005,9.617166391338865
-0.2727235697476705,5.856614194415297,0.39562746978779023,4.000601882414652
-2.6968866429415717,4.625711469990902,0.43761380712418646,0.32956773995419886
-0.05429486651781221,6.971459991359726,0.7044794557708601,11.174380363576892
-0.23093453020867796,7.374772103129502,2.832267604481353,1.7066364253071884
0.6962063648134184,10.179127284037229,2.090053110892787,5.673076802412717
1.8489560949453452,6.1592663464271515,0.10821788581405427,0.3390512010448306
1.1265650295477574,5.6515926331643325,0.49878300023404765,3.407351703599364
-0.26888869055483056,5.388768603154672,0.8060274314681737,2.572836346156409
-1.1065259087416703,4.293667414378623,0.6994318327840682,9.631634938836322
2.5733598032498604,5.6769676869233825,0.21550166000817744,4.353924938175764
0.05921843401448826,4.409197179721941,1.9576967369558531,3.3800694376057194
0.013929291912946203,5.336921952539228,1.1299196381880567,4.708636952815184
-0.024125087110003277,7.63519507121592,1.8195935162994408,0.09156516136937307
0.19808476076785494,2.9869148694407177,1.9573250068054282,1.9571422516754464
-0.14436041192394247,7.279757122258091,1.3797393071697512,2.224877270267454
-0.5736620068802363,7.634230134679731,0.5784098472380772,5.2505536478315
-0.5468589412403921,4.763862946017842,0.9430114594270498,1.38206672668175
-0.03275327021599839,0.7562902019828108,0.1747884890733034,3.873088734495321
-0.543424771133765,3.7843560258111353,1.1197708122495569,3.133321735753269
-0.7128457826771644,7.593989093122218,0.19754068939390215,2.0504867322951004
0.10643022769189683,4.954263875402236,1.1840054537024762,2.167366440532703
-0.2549772174208553,3.0013955354101785,0.2608430311100646,3.111016874534049
1.5039929885826886,3.990450157543565,0.12505462234616282,0.47373060675030554
-2.650969808393012,6.681240053009106,0.1806643189430485,5.793501274050152
1.0915068519224618,6.093467136402759,0.001994122159710626,1.695849858552354
1.246085192497629,4.522135801660611,1.268474411846264,2.7065235193935773
-2.0733902324081495,4.266351176370625,1.3182658709838013,9.398665149074384
-0.34268759408034877,4.216483701912356,0.7234689746270512,5.862972552234464
-0.37144086599579146,3.155179631002995,0.17597708684075491,1.1569768241633396
-1.4075116947178212,8.230751378938884,0.0872525015240209,0.0634137401524616
-0.7778166875908753,4.35535906157732,0.019314292317149664,4.854165747126528
-1.1105758454658288,7.434317041650993,0.1812199761150679,2.793476981332665
1.7522704434236227,8.042632103844902,2.2150829071496347,3.890461866740763
0.9356783931474612,6.996621796295921,0.27646105316183545,5.727645239017035
1.2715550949941588,4.136759374563903,0.4373758746010938,6.3670084762309775
0.7216720640432351,5.807460180673219,0.11131765141096672,2.372317222858706
-1.1290517712172292,4.951608787218167,0.25149326466168304,3.071114497043319
-0.5245202662797737,3.1925962785397437,0.7323550010191644,4.455465623922767
0.48937456122791806,5.6487185634432056,0.9358627276617398,4.66857767004045
-1.2221278088919454,2.641920417680395,0.28150427992378696,3.8621475338273714
0.7129984301723881,7.375358776923127,0.059465712787681535,8.71342527671236
-0.24032539815813503,4.070765405403214,0.4959909850233758,4.631069714369242
-0.3748208075495975,5.4023193117456785,0.26683864178505584,5.668664159717444
0.7109599682034915,5.566575743092284,0.24788962947202298,4.1076431713802535
0.44426331148603976,4.482190052591846,3.215451761506007,1.3724649824194142
-0.3609661658190799,6.17338760295055,0.9578955481509968,1.9517236924588799
1.159329803364248,4.050192686754951,0.8139111519309452,1.109094257802809
-1.0810633275998973,6.742594594914488,0.5374692735779751,6.862484506947541
0.6159356069442637,2.308040639506503,0.560268584463472,0.7308443186505662
0.5931012579683838,5.2527591590928235,0.7784981270198164,2.9730149661786514
-0.3095464393139903,8.87785799811657,1.192142416923805,2.480925481386846
0.326133022242118,2.9993373507888506,1.211152168335046,2.427807598396496
-1.251113576385303,3.644510058950297,0.1883725162262277,2.6048589908250204
0.924027019206901,6.02781569931783,0.6933727101430839,9.81770490744023
-0.18490213644298903,5.359163563879196,0.5309570666740723,0.4329147372633092
-0.5227230205190395,5.701260198547119,2.0442826532666185,7.994195153914053
1.0490092258368893,5.978374260295327,0.99809456772371,2.7870425922457183
-0.7043436905427592,6.269442937123539,0.760364628507229,6.081805197469088
-1.4084612963635597,7.219399683912446,0.12261365679360686,3.543654556223381
-1.5566291735239037,5.819637313857025,0.9304857291327358,1.22526963646358
0.6060099513456396,4.517484690762915,0.12466102880534774,8.51074474242919
-1.280429352496283,6.345147402405463,0.4112919143687304,7.645871491050129
1.7547941819843647,8.799763869790432,0.15413297226742526,1.315735056959322
-2.081929407883722,4.7347325072348525,1.1778946383162885,5.1194067148384095
1.6964563682900382,3.050941390658717,0.23098939187944642,2.0304376689872954
0.2110174672026184,7.214161338573946,0.4973491296616848,0.7664857924529163
-0.09671311187039239,4.759237672092803,2.26024212088713,1.6996691496336174
-0.5449190868089497,0.6546609079719277,0.22855363873015355,8.18022760434279
0.39913611435207086,6.694843354300843,0.708880429494969,6.184957974684197
-0.037634702424848364,3.9293436280921545,0.5434722066342405,2.629859852568984
1.1033018820165215,4.818933435391679,0.01829029331656515,8.20614117821472
0.11422764866203965,5.663960661138029,1.5738686344559243,7.254323951922972
0.1503017614618776,5.380999359558133,0.071545311529372,1.702085464321788
-0.36361221221385587,6.418903634278079,0.6429390145675242,9.559864145368053
-0.056945623721067457,4.129027258860313,0.8225233209326528,2.460710656005591
0.3078017688920592,6.026211596352166,0.9900084710640918,2.745136069168716
-1.7101683926566256,4.4809066448321655,1.1667785960571895,0.44739628593478903
-1.348185422105713,6.477620961775006,0.2920547969219945,1.9976798325646117
0.743264094022715,6.230734968026107,0.010028898364548042,2.9912189335590793
0.17086543812794186,3.1291225959108093,1.2853407259893985,4.19253217380789
-0.18398333635267913,7.1719642323500645,0.7671309128726943,1.2293828556226658
0.01843393306539316,3.928073109771904,1.8086068113128853,1.772598134888721
0.34758170536167105,6.61611559656229,1.722541455331446,9.698995882960329
-0.5397596803093615,5.734574626802681,1.8535891364679211,6.931153941923296
-0.7783047254023127,8.676367353590244,0.6637722009982694,7.813876341493708
0.19584525509768155,4.553068035256295,0.4059077998369884,3.1910220536183385
-0.978372777615032,4.301366407763605,1.5680954258319293,4.284294214263841
0.40825275571447184,4.961160788224535,0.6001927060322706,5.200238830218341
-1.7025836042378404,4.3936404343314495,0.20265757471542903,9.605372158097243
1.0291556373256436,6.5998838038841,1.9308423771734564,0.7485164864330125
0.472597482413043,1.7673787831268242,2.141826664834698,2.1730103207264415
0.25602973431387566,2.892635161707292,0.6279396760045075,4.002492296064858
0.9826909839455139,2.864394156841614,0.07871828968795785,3.5606506635350286
1.6654744444625766,6.900615183947151,0.49073887003514954,1.7528058351939868
1.0143700650181304,8.42122674516385,1.6272845172494383,4.886048285667804
-1.8408742313316453,4.791101562925057,2.320484623499767,2.246368152845247
-1.2795769667357015,4.662356553619979,0.2274939286200851,3.366566585735222
-0.6248185776956788,5.140104326226362,0.06932179560363473,4.7320693726576275
0.026091050210833786,7.323756605216381,2.098424202804143,2.3361273556274194
0.517659020469123,3.145293731618852,0.49332128744462594,5.831763864541674
-0.7257438131534656,5.47673796546957,0.7803643189371355,6.583836547592322
0.18676676447707832,6.95039525956486,3.4440781205292113,1.8122558693733237
-0.7553829323533225,6.002188339879691,0.06888365735912734,2.2329720344063277
-0.6115178029919482,5.379163233197486,1.0450279419847497,1.409156035215442
-1.4066610968482223,7.002092185134282,0.07699489809012497,3.3094078427604816
-0.9232332461109043,-0.40646458599847435,0.4707541963972017,4.190439853924949
-1.3516846056163336,6.3557506390618155,1.628694869122148,2.5240882574130317
-0.9758732529773327,3.6918486337451526,0.56822918427952,4.104915789790555
1.0536417966078395,1.3387342062870862,5.871853459960933,2.1838395616748567
-0.949398888831943,6.022405199049961,0.8188448455577072,2.2436941414048412
2.632382064837391,7.747317090325915,0.38737299089464744,4.350309746523512
0.4933179008808892,4.725102970744616,0.24860409500367,2.3691798455479556
0.1848361236948739,6.905749094405878,0.4315840589003817,3.172992326209065
-0.8583577801812136,8.22455651597729,0.4660646352937562,4.463277053583282
0.7003098794089914,7.629828907168095,0.07118850626264504,4.061174976200198
-0.5756378262377739,8.279929058742786,0.4613598139707214,2.2099152320062108
0.12200981464536144,6.484254982143785,0.6240662164664813,7.045070590544653
2.5600845382687947,5.150867277803186,1.282791477852921,5.036301507726621
-0.09605989972464987,1.796068376205663,1.069236468375308,4.002862811295813
1.1492733262856758,4.507875023740103,1.2336270274066667,1.2364487149760326
-0.7031764251258874,3.3135068093676168,0.008398853712116789,3.626957156659123
-0.0349884904969617,9.341885434995628,0.24547530863034298,1.963611316586775
1.77080063563551,4.648228375135327,1.083775761471237,4.778653421306695
-0.6269670577877674,5.2464096135689715,0.6616279094100245,0.06059567261389481
1.8124485579969287,6.102970752080935,0.005327642385473203,2.7143050932297768
0.7077519354554754,5.087204892744907,1.632167495491405,2.1281596627070347
-0.5624667758942676,8.390102080861507,1.4819667289838774,5.846867308894517
0.632407739055521,3.754701276531096,0.7950008811622349,0.4684805874768835
0.9725544496267299,5.389214910474485,0.0687750299764279,3.452176871479955
0.6218099622171964,3.5150588286039035,1.4546376559099792,4.992765031268039
-1.5702247198904564,2.3599549775585884,0.8763817645917181,10.792492798450454
-0.7271371758248686,3.7764618181894294,1.5230766420252808,2.237735454223054
-0.24751863555150475,4.9259264059031755,1.3933068609070431,4.243223940811744
-0.07443342910004629,4.1413955509654805,1.624562067851931,0.5082755758933771
0.620672097550678,3.615158040252288,0.7298279003508777,3.3189973182473778
0.17770100093325383,2.1873650726563323,0.15120030768442408,7.39608521465132
-1.3353443587101013,4.83378885474261,1.1121762852941026,10.861412524930794
0.3801978510059632,1.9905592519379955,0.9688316069352844,4.538685806597394
0.6105857452838231,6.520111927379205,1.3557775216283963,0.7000281111015316
0.5597904479310398,5.164879505869006,0.18618622226351217,8.201385357304106
1.0807807255546218,2.084897001070139,0.21688219446083687,0.7072110754834853
0.8339221545489041,4.381581845900273,2.2110047441814586,1.1212546353464763
0.4591800792284367,3.4956871888188337,1.38620555887121,8.669791562589774
-0.07016571145864703,5.638349020838361,2.3884533639455605,3.1353951933175734
-1.6609609335159914,7.680900892046289,1.4217778026227808,2.03044219367191
0.42961821913258585,1.2496550607085108,0.9092041659771153,5.482354239567383
0.20768768716311115,5.230052158294835,1.0617002105589255,3.7757902295843744
0.27157883719537346,4.679734408866719,2.1993782101996535,6.952115272025665
-1.2767485758203094,6.342680152900932,0.8646635352040355,3.9074009035249344
-1.0810565404082624,5.426393256475379,1.000736287931406,3.9743166803874304
1.0531528533329035,3.496061336522362,0.17016777335054287,6.785296076320795
-0.03955515385665504,4.361892128666764,0.6423043058166896,3.102111808142643
0.6815006973726244,3.407948286393022,1.2601803008714285,1.5263994245657608
0.028318376130461172,7.152014277197196,0.31600294692998554,5.704106741291954
0.02975613949574519,5.0426232973438845,0.22596525423179264,2.635339523216392
0.9382838059759977,8.802381371506016,0.37662521697529927,4.142252778684498
-0.5160447282173739,4.878678372370758,0.27641330813434567,0.37970654448399743
0.09612077694098337,3.5831864661790744,0.24196027699254996,3.0036658033520642
-0.4622752887050425,1.9725712147743457,0.5531258681164362,2.155685248061083
-0.4344962274323156,1.3937206474881099,2.3842129567688883,0.3639913957535584
-0.30917212346863937,1.8317281139890205,0.7073670995586321,3.0786065543520467
0.22213377163371284,5.534253302022967,0.20815689044425853,3.160515133513587
-0.4787486216634773,6.017450046459867,0.0800953508884464,4.36418443963292
1.2557561255735208,1.8376185959357332,1.1912413448538466,7.312368988895343
-0.8946073022195039,6.790076628152231,0.48256015660982693,6.5300260507647625
-0.18687164416135904,4.033877896633121,1.7250224411216057,2.2858490209944695
-0.4397310582741749,5.293586023971098,1.0773717798567641,3.8361333836791878
1.4469778843537329,8.224441256510849,1.590819567208323,4.826558542315644
0.19655477651157463,6.793678631731064,0.3173801118543719,2.341151753355873
1.0318445394686349,4.4629387041883355,1.1788215082024154,0.7822585518685492
-1.485560373036972,3.217615549169425,0.30660938213368083,2.823523561407086
0.26705026586925884,0.6963691973413901,2.798004659351054,7.520179732082723
0.889630795623437,3.56169336151516,1.0116301863237578,0.74066769971802
0.08228398927542419,4.577739522344611,0.39231959053585946,1.3825525294846661
1.0654803750653512,3.0256409456976323,0.3140422865163482,1.6772142185826744
-0.5172884501003722,4.737486065815391,0.21186561829269568,1.3977331192640072
1.40934744018558,5.153703765917537,1.1862670107574804,5.499421332928569
2.2988981236192503,4.550288036383843,0.2468160635375204,1.956888028108714
-0.36283856043965906,3.6999948383530805,0.9046172971291463,5.602907579151517
-0.4455025214007718,5.337309343933455,0.307388341009099,3.449184066162594
1.453384477117701,5.883881299138818,1.0846175084116823,0.5523486855255025
1.5795721457307124,2.819201845114308,1.6870737152896345,2.3842578079802226
-0.5228600271532683,7.82186475949254,1.5051916114338844,6.663612056499923
-0.42018681709585726,4.802823735431477,1.43066987412652,3.7483580374169434
-0.2817846088605072,5.037699245889695,0.20791313233193348,2.53768278539534
-1.344450511034277,6.4164288465131145,0.0925374690050798,7.581078492341216
-0.9186519464841982,5.466432262527003,1.200475023657181,1.2545706129745868
-1.0041407667520679,6.90627326782649,0.459415424719779,2.0199910712641147
-0.7677975651041284,5.574248330403648,0.5662435996412856,6.241042212812957
-0.03468488738678118,3.775125250719124,0.031644541461303806,5.420256358156779
0.23421473253652075,5.723007050412203,0.30053289067824746,1.153742640363564
1.5505004928140769,2.7125475853586765,0.03425651522757978,4.709963120628
-0.998354040738791,5.217119411553046,2.1135012239367894,1.9288781433423718
0.9843223984765838,4.933540018711079,0.2789161829949456,0.3399972146200208
-0.21398884422550896,4.583766285454921,0.8149469038555038,2.5792449443879377
-0.04946370965243295,4.742924977122138,0.03975935168054596,11.318988464994975
0.6748194921666038,1.2363019090047218,1.0991546096145082,6.742528701077242
-1.1227220215622986,3.902550184518077,0.3901243994323304,3.2125125950928446
0.3824097461840506,5.185689802282229,2.2819904946609673,0.6897744824084199
0.1664522082130561,5.319712783994801,2.1903122232037413,0.35555035167678156
0.4924512640081491,2.9446497181480837,0.39347322654213596,3.4574708408003825
0.2891686439078181,7.531415681729401,2.3122405138111795,4.489721239723868
2.4553001399108942,3.2676503035709983,5.561677236148372,5.544407869425731
-0.637739984251316,6.938914401053474,1.7453473539422617,5.105503712713288
-0.5309969550018176,5.854388723743369,1.8635004918520301,5.416180121381657
-0.6231405264247644,3.7075453803123937,0.2863612599209348,4.099732994118943
-0.5554771191602547,8.550621785219024,0.8596797985106654,7.470866130507319
-0.6373871273065177,2.61272633648704,0.0696244072573011,2.1520193386923467
1.1890165311075518,6.8383083472200035,0.09972966184805468,3.4177099777918736
1.4205042479898549,7.0011646360859565,6.805751219889282,0.5550683617998473
-0.5707462937494763,3.6587595818467102,0.3954740594095893,2.1128923394597163
-0.8323555731042287,7.784930600128657,1.379056267629112,6.616696178497646
0.4714155563864041,4.499906970802094,1.6433311177315946,5.294998763359073
-0.5522230442809712,5.577387258559714,1.9520921151433253,0.1941623973705218
0.6329318177555108,5.5206436775424415,6.044147186043234,11.87456687078292
0.2029230208512997,4.731382517058904,0.2764078463965971,3.755717919030177
-1.515744114997232,6.621616546319564,0.04118750595694294,3.8092625572535264
1.5475052013300616,6.586977441104426,0.5296543060913828,1.9979993066630901
1.7958776730955217,1.5029360535236385,0.13935479557395639,2.394487293676626
-0.6127886904843862,7.608680485756305,0.022681173282547915,3.724238298304345
-0.38770155993598415,1.6750160239286513,0.4469542425253329,5.084458323587733
0.28586539072490497,7.065092408683315,1.531265804358061,4.2428648939037155
0.334456789987025,7.253410273655167,0.8351271708032459,2.138364992215242
0.6585442726728304,2.8180671395696035,0.3750978791544164,1.5066938838282449
2.0102045387663496,4.17837142409083,1.0623054479496665,1.4121341307695547
-0.1769472274940494,2.7885906630281285,0.26398921839175493,6.971997234217459
-0.7982972445384537,4.570157939422529,0.014485861372039345,6.408251839278488
-1.3793192280145272,4.383931431628517,1.4454219963349102,4.756500622996932
-0.7309300399419191,6.55932106453868,0.977483083988966,6.937737724711605
-0.033126972873797095,7.620617492239217,1.4367569459094216,3.0204675720650678
1.7945578635177877,7.791367621579912,0.03971637332766473,6.032963692177959
-0.5176112990361714,3.875663946843396,1.8147392606929003,4.9340883808133
0.2237879516388985,4.581556252510945,0.96633796091396,6.145966754243929
-0.016422896072752075,1.6331236155580995,0.8287271860742521,1.2792793451608433
1.188393273448084,3.3882598670076227,0.9798005772521858,4.056805641972451
2.5269324258736217,6.929703266194915,1.9982911169332198,2.5070295321440836
-0.5308687729203206,8.231165647096464,0.8841539606919447,0.259925529894305
-0.48943944251822213,2.531302256240156,0.869765940983819,7.738988784797627
1.044160877069072,3.8150714816942113,4.6755022107870525,6.420559703911163
0.6818914896263114,4.947188486082146,1.4135840281196996,4.322292744111492
1.8467073257360336,5.560322317639214,0.5839229883345892,1.5940176461584756
0.5839281853259639,3.3807929601567075,1.2289385376562179,0.5251917089543143
-0.35929209078705954,5.8481220889281795,0.49303559504810857,0.25425537881669125
0.5906548306923093,4.052321305858168,0.25990539120417444,2.099492484439741
1.1087035805829077,4.9710954582434415,0.9084512334188313,5.472197381156118
0.820482181197364,6.092568496007399,2.6336215041162343,2.5289824721740484
0.5072740311072977,5.0128445396218755,2.6470424058655615,4.798637476004078
1.066674689589154,4.127228218946863,0.418406403770263,4.970993595792339
1.1692955904456728,4.780780392148339,0.7500931924870726,5.416215264771286
1.3821589910375272,4.82327408158933,0.23779523818756332,0.41649819562538637
0.6487098875896427,4.2599779402357445,5.433246192014816,1.7286413653427755
-0.16711808031685435,4.482407874665795,3.969541312324312,4.735062472758591
0.14671368643332283,8.197294341009433,1.048420049886096,8.883628922888983
1.2065089665083568,6.121838895882478,1.6317554037065765,7.270126966263785
-0.8169356709872361,4.409039363941679,1.255617603584788,4.159227049121571
0.3686733088729012,6.393908809021472,0.8993309136890182,7.794569377264845
-0.3933388123273607,4.33236102048798,0.05482372639196746,4.135782785353923
0.028744822934817487,7.346249275173283,0.6065371787904519,0.7178466857329389
1.2784518626072987,5.739284384396187,1.1232727809391316,5.351602379491158
0.19109906801990334,4.7853957119915425,1.1317501750976329,7.440467371205814
0.04643654815614881,5.895433851620555,0.4670043211463479,10.751376765050273
-1.3598561409799192,1.8582476958630014,2.842015744951548,2.0488209088846028
0.7462535660272207,2.7464650621803894,0.18315033882305845,1.1502794809512438
0.6454841811410754,2.612149987201889,0.6938663315181398,6.045232155960616
2.16325472330546,5.285886189527414,1.1740385921414738,4.5322661580959185
-0.30777823495300083,8.465029998970184,1.1944707782097186,4.239364087825516
0.21915032766393897,9.462600292385265,1.045940970982072,7.868333753949455
0.24938368371075526,6.276102202881514,0.3219812389614336,6.028826196235858
1.5774532797634744,6.001688949888914,0.16984756397095727,4.844605201759746
-0.0952955323869521,1.397884531694522,1.0104374874923896,2.2787556066205816
0.27902152577033923,3.9146524005319563,0.914547542460641,5.693215676659
0.6078965097165392,3.424432496183522,0.19766589364657372,1.102548110902194
0.1866091231563581,3.7583048034977677,1.2212517138184886,4.127069428313961
-0.44643361455052827,4.663712362830421,0.6072851152877793,3.24650381695919
0.19408999289830758,4.055818844605746,1.101899460311215,0.6784737696881119
1.073631749859772,1.0414003792484245,1.8162596409227902,4.541839495142948
-1.0265152994110602,6.495820512235068,0.1860024372223012,2.0527348424527005
0.132969674146876,2.854513948520387,0.019330504120641034,4.462091919743352
-0.7001208149391732,5.478493728222299,1.510056877070906,1.4218138368778113
1.1950466289248425,9.148165339499947,0.9408330077192397,6.070699511209123
-1.5231869047837747,3.1612308168271532,1.202772090878001,9.810822458183482
-0.5589218472715883,-0.06057504549265946,1.8211160373501085,1.1029600507941484
0.37721187506452086,4.427991556239778,1.6235922887795353,1.420044991766854
1.5655240292343404,7.201919269997142,3.242148211508191,0.9187320386745292
-0.0657502610729878,8.916694908441187,0.7677308202762632,2.810600047261856
-0.5551995266931984,2.5409008110951663,0.6703991553276017,4.412053158337793
1.8811570694405901,5.993398446473043,0.5139759138744405,5.45284896271369
-1.448013900416244,4.069379086439893,0.16687078846063783,4.067263635327725
-2.198805956620082,4.788103291391729,0.8500518592211518,5.336434141172364
0.4400144500533324,10.28868669403407,0.3243633796926085,3.1570056128299226
-0.5020542243526112,1.9940593432096936,2.5422075819010015,2.031890064248724
-1.0212328171307132,5.5074793229891466,0.8751267261114473,1.4542041616804346
0.7083564472993533,5.935386343530866,0.8985494937326826,2.8947313863393105
0.24380071377119883,7.171572649878694,0.438388164165674,1.4883082312177818
-0.5640786307367284,5.1959663069417905,0.05338954469916885,4.316067742021119
-1.2803043986708944,5.616101079008205,0.03225852154060481,1.5110188879810624
0.8724573282801447,4.216702865156417,0.5504940203134059,2.225998477840394
0.650201177958661,5.538253882490214,0.08835632986675682,6.947857491249798
-0.09917586377938291,4.313615449005179,0.9335563168130258,7.403183356459701
1.8466369960476658,6.243143779712102,2.12840496823145,7.246794415553786
-1.0700847663261526,4.260779327912732,2.1448535451518143,3.1980837886230384
-1.5255251709247388,5.754200787804373,1.0760059781094082,2.103494331782105
-0.6919080698812444,4.941474372630044,0.23728283080935125,4.80090449942025
-0.045586016355497805,7.252100501544336,1.9877512246541207,1.5407031193280212
0.24333944932269183,4.897212552823028,2.172376774660524,5.641334131021543
-0.24123605785632987,1.4539350635862371,0.21896925700721093,1.9432295701277111
0.3520553965142968,7.523843001427983,1.3372226585696405,2.7995564997131224
-1.251539424190444,3.1885353982747624,0.3376002410770677,5.728996224137977
1.4437646040732595,3.6924673227023606,1.6227273894179917,0.49568833871674334
-0.0821511783925688,3.808677411913016,5.891763984102353,2.0160502044559365
1.1172958315881276,7.748876186341635,0.03048601746202351,4.383498891961229
0.34272534637770413,0.728651572042609,2.2765847094790317,5.081088108268503
0.4567532191537839,11.275497067319987,0.9745305544575631,4.509707132384259
0.5697672802322039,7.112113618132104,3.6261908617206773,2.7716020140316515
0.44770856001731496,5.4464778282583195,0.6255063220133938,6.132990131099629
0.6427227598675439,4.890211998767427,1.8798560713286727,1.4092863454301123
1.3291525301324314,5.571108149715314,0.06442553402568435,1.3526907093545504
0.19652116970147013,6.042244856758677,0.40838795057103405,4.352432754251205
0.7090037575885123,6.290431171900114,0.06936780364152464,1.2633228855819554
-0.08973569428722672,6.111208932006897,3.702699856597469,10.033418495826226
1.4401172154494728,5.179161362510498,1.6981265530907295,2.0663713045060734
-0.6763923020592697,4.605323159385348,1.9142486548671398,6.054411315070668
1.8009404329108156,4.697453432692977,2.780060267792967,1.060296987397509
-0.04015795064434341,4.610183439294638,0.08894431968732089,8.664139094710176
-1.4307751021180481,7.2675401937341295,0.4871051787210219,3.3700002087154153
0.12810441491078928,6.1871134445617235,0.07368409635684103,2.018370914161054
-0.6810516574748808,-0.8807772693285605,0.23672676380501273,2.6189859219490526
0.8406435489887241,6.311801553059522,0.2605414369764079,1.748714055767425
-0.6526239793023909,5.389472389437549,0.6331951821699681,2.793423426732817
-0.4461834332147797,4.962582487108206,0.31274304839958234,1.1243765558205685
-1.889540730945531,4.222963093822228,0.10644789199031332,2.074351788369885
-0.4523063192490767,7.2482254399720265,0.1833113533939617,5.974616116931346
-2.4238793266289567,6.895052924245716,0.15931883591295434,3.903961935130429
-1.5839028234857233,3.4542446643527818,3.614766832999243,1.3827259120235316
0.7604146561442974,5.81410457424907,1.4241728043015545,2.8704900294998414
0.7858001586508322,3.0566865309174283,3.434592811184291,7.460401099107729
0.42545756178496474,2.240763670422139,0.5793551856472514,2.28178847565767
-0.966976143129213,3.74656555082007,0.32624063278218757,1.2503177271007395
-0.047711356141979855,6.724786944765517,1.6009401073184701,4.950465802603955
-0.0036025390905684044,6.906250090752174,0.3949019720502683,0.28259878250841686
-1.1583646891925428,6.026170840194586,0.3557944369921287,2.6668443204794348
1.5033983017671506,6.450191573695994,0.26462460698817664,7.90251709524591
0.8773622905756714,6.032356574229917,0.1388931448469217,2.8062403820854427
-0.22096417382966393,3.7170368095540955,0.2963368317562342,6.387073400283867
0.02688583899453078,5.8638450893478815,0.43900081917116496,1.2338736314340768
0.20838280794755248,6.600819050455365,1.1208401313491105,2.720308895841946
-2.0417348684242906,6.508582659627148,0.06460768856366413,2.5191881731263863
-0.24717738252059693,7.377826742949286,0.23636423527484152,4.762882757652825
-0.6819842479977986,6.416607694402128,1.6556056297563988,3.511577578838244
-1.0016200098949155,5.702896415083166,0.15890420412443287,8.614579829052301
-0.2811002928859549,7.140300476632855,0.4195312944675591,2.177688992966393
1.7976865268495226,4.9469574815018795,1.9999571820367423,3.4796639287752757
0.6408428612670098,3.2362506975445644,0.16833026635169876,2.5960396271311743
-0.5711789897827968,4.673866072112472,0.08636086383903963,3.290629286560074
0.5725827813561586,3.510194710387102,0.6626916835373415,3.067507561670222
