Multi_Modal,With_Missing_Data,Uniform_0_10,Beta_Alpha2_Beta5,Log_Normal_Mean0_Sigma1,Right_Heavy_Int,Multi_Modal_Int
-2.5349753100802537,0.1697052759360759,1.3019638488275098,0.09359003568299183,0.9427726808094677,69,14
-1.674295628829903,,2.812094155849141,0.06260685211621958,2.7219571739553006,79,7
-2.465206124613671,-0.0982305277715194,6.050237798345224,0.32739635114776244,0.6897152908271189,90,14
-1.7162856035649718,,1.4972050370126089,0.315389667444557,7.163489634799298,93,21
-2.1610779863936607,,3.966795400274118,0.3109421027701675,0.12430510668087014,89,7
-2.289342433554138,-0.10310574677687236,0.7046397845254726,0.603940789438293,0.7738542392094205,76,17
-1.5456872139435374,-2.022289571446341,1.5908171727697484,0.0985113284462212,1.4039283370710944,97,15
-1.5038444536355209,-1.80088871393394,9.446375747484154,0.07838522504469987,1.0285439168246784,99,12
-1.8929011027596738,,5.189393611804044,0.09310232139291659,0.38991952517258543,80,16
-1.2949852039839516,0.7534894714182002,0.9357929028904532,0.1180033432667096,10.841194463782559,94,15
-2.840776833546304,-0.04280592182454845,2.3803049190676506,0.1759347314123747,1.0861349709099857,85,16
-1.4595811581669214,-0.8437990142811792,8.177289542424779,0.4314086992336663,0.692155346653542,93,12
-2.4019263394248584,-0.9597276783011759,0.13304338769226542,0.2734671653248758,0.13053477042215225,53,26
-2.1154301720095114,0.7528137769991214,7.234065266918636,0.2783134035301831,7.266550335988725,91,10
-1.8207244033246441,-1.0220311159667002,2.5737291253556203,0.4427205375435319,0.9341796229515794,98,16
-2.346818308322462,0.8354116347836182,3.649694066837376,0.5216757063417489,0.3094698622884565,89,23
-2.0213210203778162,0.6964516411293501,4.818315633408339,0.3552792783376527,0.9287599641593273,98,15
-2.2133716848959217,1.4977485865330407,7.240453500303498,0.1739536467391816,1.5809414478966646,26,18
-2.1138445771033676,2.4612947849134,9.43028263561525,0.39625604630567735,0.9381708103737781,96,19
-0.9477503561929013,-0.25113243159354337,8.93323037569399,0.38401753555766927,1.2643883976215924,96,14
-2.92833084197703,-0.11429504949254253,7.958163641609376,0.5758146544400324,0.5148844711244313,91,11
-2.1073565300619865,1.4454969196914993,2.518014335381923,0.22429576228003284,1.6833989168643197,89,18
-1.803586199696269,-0.04575934842792617,8.742747098977912,0.2750199768487371,5.870682991828616,87,17
-2.5658270956566205,-1.5618663118736906,0.2645791055691482,0.5492648782587799,0.8306976429059747,80,18
-2.084124853171884,-0.767819335533195,3.4544436205838758,0.0915181761445069,0.7807315558747204,87,18
-1.8485615425632782,0.3872232361178979,8.72167420922734,0.0661730430357859,0.3271832271498905,90,16
-1.82040738527483,-1.2129175448515261,3.584426359155972,0.23596240417738443,1.1226431898780163,93,26
-1.5884954057440093,2.018713959588159,6.61488798467463,0.35424910373692925,1.8724705221467413,99,20
-1.4515496964227301,1.300920945323237,6.3186268422880225,0.11112374864708079,2.0535341348223732,56,11
-2.1652848772289857,-0.9306520330323701,0.729928973810331,0.237310511408536,1.7576564214138597,98,17
-1.9562160405483813,-0.8513132724391551,8.222343398491033,0.250137355977078,0.2404610169231777,99,6
-2.709660694694586,,6.032159811151927,0.30477471045967897,1.788084386749904,97,21
-2.026252110998739,-0.4242544234273908,1.1452695088440024,0.28243594765961294,0.1782322599843981,94,15
-2.7255364140003473,-0.10272104096908569,4.241942707974314,0.10791688383733432,1.1799626035291035,93,12
-1.9945631168472424,0.680641512972457,1.6117320816240788,0.1368724126986612,0.5192042703057543,90,18
-1.5882887515681463,-0.1954167980759943,4.835915001863064,0.2761554268658687,4.093545451890481,32,14
-1.7933886778162629,1.427281637272738,0.8363861374820947,0.3424758498284989,1.6712537108954715,72,2
-1.954392107379093,0.8668436384806536,5.971205882162969,0.3515249362448498,1.2816856997983017,86,6
-1.596493708101433,1.022122385475986,3.060341453417289,0.33030906246217706,1.030813682453406,95,15
-1.4644000639687778,-1.1535087902184533,5.9758248946691825,0.5869505960998307,0.2920777226588553,100,15
-2.414306942032541,-1.4326011746333362,9.733927374848744,0.1847220414417995,2.2810781833870637,93,18
-1.4069427644802215,-0.018545182211462813,7.586449728975487,0.15017404653912705,1.4891437616706231,92,17
-2.3782110707913673,1.7908555813760734,4.860492816690659,0.3324411741085308,0.9259422711906374,96,11
-2.222762860559438,1.215760888224329,3.9956036971382347,0.459658689987696,0.5181914362325747,87,24
-1.6371247058162801,0.7448381910548936,5.372289150302634,0.33139468969245117,1.2649662741829977,94,13
-1.9112027702708883,1.2465298665027482,7.560990045867195,0.3781024214040779,1.7936317308261713,81,14
-2.011577758483503,-1.1086420645641217,5.68650623754035,0.07061647668868826,1.133302468713393,87,21
-1.9136345603200124,-1.4405725614824285,9.400262598014566,0.25080008708013685,0.9019121764365493,90,27
-1.3433283184419431,1.3003361792124104,8.245235974352203,0.23891917868099838,0.9430783738250681,98,39
-1.965991527313228,-0.6074226578866879,9.381026120752562,0.24562960834431555,0.4946838278271,34,15
-1.6272639509714812,-0.8015510113032392,0.2161423277839758,0.41625241487387615,0.2635759385677685,99,28
-1.6399646519778852,0.6087950158195542,0.2616850627446998,0.04850363325858703,0.24554909901172098,95,20
-0.9561506177710017,-0.2476146235970436,8.774985470591592,0.32251492290064715,0.6568469570353693,84,13
-1.308342098450358,-0.1218978111108337,9.13629733852945,0.13219279227582903,1.444662057646678,95,20
-1.6477574954329561,0.34171592405726325,6.741243225877756,0.4346260046219742,2.443324097255047,97,22
-1.6402295246408076,0.17473180872783628,1.2839912389452623,0.41302801682715073,0.34125627804570985,95,21
-1.915532923048616,-1.6266817088155345,0.1742102004951307,0.18424006157234296,0.2900880867253594,52,16
-2.0811218810963608,-0.46894291784766456,5.895147456234714,0.33026546610023366,0.5797424746497609,80,13
-2.0062345718533416,,4.836715914627103,0.18358928291179075,0.5382504073377764,84,9
-1.9877999471290946,-0.686606739783387,3.3311811749596796,0.28782303625545375,3.266104550719871,81,6
-2.2246119080516853,-0.32193313016012426,8.726072434447667,0.31897894064188814,3.7152872164455757,79,22
-2.2068166218161354,-0.2903439600965613,2.9867247649897677,0.44585395472389355,1.0435531968447327,69,22
-2.031747881416537,-2.5517737819307236,7.130144049133451,0.07799111782781652,0.389075406666546,57,15
-2.1621300125058314,,2.070501172122526,0.49083195353939546,0.959732055644423,99,13
-2.096807890350937,-0.6110253518627314,2.58290752282476,0.36241010499782145,4.158649308813165,78,22
-2.0833635544204965,0.5857534389664856,3.4058770902923055,0.5316410252347343,1.5849293952255965,99,0
-1.5470735029015779,0.2595855009771647,3.9536935026215514,0.3914048850773845,3.2020866936891936,93,25
-1.603828415338514,-0.7947700273644687,4.6887454621777245,0.2356735810627639,1.120956383342587,90,12
-1.487680851294567,0.4671751996563098,6.150643892160236,0.32466005908486795,0.1258627974597218,85,27
-1.3774675970243824,-0.48548025024048613,6.3745788290245855,0.22791108690325065,1.0330556534489581,91,14
-2.3602346230372637,-0.6874393870023698,6.460052127040353,0.3573105579867732,1.9377263342396172,87,10
-1.985564372914394,-1.4613924377910017,1.9758752162021331,0.22192973931819904,0.7910101577369958,94,20
-1.849330851560453,0.4387687191817556,0.9418864792410664,0.672801405618904,0.1531906990845269,97,5
-1.7788821600727205,-0.15145220346287422,9.249130778311292,0.3110347929728552,0.5834340934492593,86,19
-1.7436386476437455,-0.5154540354798474,8.869129867315346,0.5388358280869077,0.8861190181798329,95,9
-1.2898874299585743,-1.565753517705001,9.289180496707267,0.07349698219105194,2.1921602921824292,95,25
-2.2744655880459255,1.0993988211756134,5.257335234141288,0.24384205727064584,0.4057912373340989,71,22
-1.8846087365841946,-0.2824133682697197,8.169076203925169,0.3685854040874812,2.8454854343536633,91,19
-2.6084575498442275,,4.740828348198903,0.10083591282143717,0.2745494658964345,99,18
-1.7914909295297283,0.30545113721577893,6.118192428241467,0.15921367177996815,0.39881598714474265,69,6
-2.7961880973077657,-1.3729046231804403,8.321110376784846,0.35931333494003886,1.1834531157998973,94,24
-1.8197510693404084,0.6874615049974057,8.914177486538403,0.4098246381837488,0.48218076125615605,98,3
-1.37958057351487,,6.698409892307071,0.2801919683810933,1.1836341782267203,95,17
-1.6890669495397954,-0.20253819490820205,2.9032849975679067,0.2345334219784419,1.2217382795251586,46,19
-2.531899344645983,-1.9407314131872768,8.6143726380284,0.6425978120782716,0.38982308041559316,86,17
-2.3874267247247767,1.2267218734078904,7.3153293498071195,0.5767334506987987,2.3000218766471567,98,20
-1.691486797970879,0.10290037985427986,4.3972292926208,0.3103062642778032,0.8289197450355262,84,11
-2.056186518722123,-0.21583141260720826,3.9065826645812307,0.18737189457158712,1.4556435635421898,85,21
-3.0891550438519415,-0.6946358070639764,2.788424344951961,0.019597742909206073,0.20807431900736736,91,14
-1.2915261956471682,,5.02020499788971,0.34243822075347496,0.2477261004573137,79,28
-1.907190971207834,0.6383570587548862,0.10285252001661527,0.4366166607375333,2.1187746311293014,79,19
-2.7147727836962927,-0.08204228986653561,9.0178325555042,0.15746927817251172,2.800376833337176,95,25
-1.8827976411676748,,1.2575581340224362,0.0711059366847677,0.9904043691513174,98,9
-0.8927514493538866,-1.094015741247235,2.88989700600185,0.19036369357941121,1.037543497738135,98,7
-2.0732741045676693,-1.832323894488196,9.344213537028018,0.1577646746828036,0.6660358902881031,97,25
-2.080779356249006,-0.7795192472975702,5.000152228766719,0.09626647533328965,1.125189588290544,87,13
-2.320848273595014,-0.35947243935155915,6.804616030467829,0.5045841137352408,0.6002888483168207,96,22
-1.6764908181575306,-1.0386453678099217,3.0589253475308578,0.437594162444429,1.6877955247890168,92,26
-1.874321360918266,-0.07252360390377292,6.892230241000535,0.0928500208563616,0.29886853489900916,78,24
-1.5940785460542362,-0.26875430589134386,4.094517383507425,0.39442105617983686,0.4195592666818454,94,16
-2.362875961320342,-1.8855500631930378,8.439770248218835,0.16891006767424147,1.566042352979452,94,24
-1.6355462150900844,0.7389302036261036,8.8630006332179,0.16063412248223288,0.803261900830021,94,20
-2.5890027834175884,-0.2266840696844165,6.786350053195278,0.3144948395677713,1.2244936107680302,77,22
-1.751765299640677,-1.1541089383661558,9.365293545505873,0.3932560540141468,3.182243233626315,88,21
-2.395940069309491,-1.5195952284238334,3.9742269883161283,0.25124071893510613,0.6577901047139849,94,0
-1.980802628166335,2.27914752091873,8.315627211611329,0.37546730684992147,5.3749424182233545,93,23
-2.779326672884041,,2.778518569203875,0.17969846862539401,1.697179073261038,96,9
-1.951032360991401,-2.131139717082245,7.973422867189495,0.13418203623847866,0.42094901148226405,81,25
-2.0098886069768467,-1.4573505413880912,4.169424225986696,0.14005959387419661,0.1400959025270656,87,3
-2.7642315768489727,,7.30240790127781,0.09569457908337353,0.8426139161117457,76,12
-1.134397148224497,,7.435129103258644,0.32329523679601785,0.6461148910215694,98,13
-1.6888258333870543,-0.2469195291832666,2.3486459297469997,0.34032225977543457,0.03482599781555311,88,13
-2.5448335150344614,-0.04447648514582007,7.894189346569856,0.6246492316318157,1.439108377459918,95,17
-2.503756343684945,-0.033888776672434374,3.1200294788869143,0.09432692791171168,0.3592856343839669,89,12
-2.124500759620641,-0.03922360792667036,4.615761466638456,0.12075925112507084,0.7546008774649298,99,18
-2.283800305942086,-0.1780847558598935,9.905274001497453,0.29680981787345123,1.3950803722454186,70,16
-2.0464518226682533,1.6141906281385088,4.997595483966969,0.2636520200602187,0.7033341591925192,82,10
-3.083903921599762,-0.3583645244142332,1.1022753732545265,0.46483707703514143,1.0558474522400987,89,16
-1.1538248499027566,1.1064844844236503,2.0565838472712636,0.25791538181887635,1.7052567499116669,71,22
-2.3587094813511875,0.2071693830097103,4.157602771360653,0.3217806384082312,0.16230438581955797,94,18
-1.3939564985244748,,5.823821748802409,0.15513532456094248,2.1215413638958975,72,20
-2.0840114684105067,0.5588924751726789,6.982717301047411,0.4386612033229583,0.4292763371058535,95,16
-0.7760935564297209,1.1380097895296437,0.29519068364829315,0.528549936028666,0.2283023588550805,93,9
-1.5705271566992263,2.540514262092679,6.107928396780439,0.38685918253272794,0.21894230796330483,97,20
-1.4687960923390142,-0.0827064179269598,2.2780551295668108,0.1447031920074531,0.9340073679686015,84,23
-1.402126706050762,0.4446213379749242,5.5770303042947065,0.10220052474670561,0.9034871786548587,98,12
-1.9582518719210964,1.8964039068403478,2.9969947568148236,0.23174970962087846,1.2972900943783858,56,17
-1.9246429446121838,0.23758056090870416,3.299786511726437,0.4287470213468314,4.0241416629189155,86,8
-2.0627248773878177,-2.643424963649414,0.8773443536345882,0.7282920915789234,2.094766863362749,88,5
-1.8192271809611296,-0.4489909346763357,3.195342165402395,0.6528839314563597,1.8047671036364068,84,28
-1.9621139968378212,-0.35890716735216516,0.7085442678594944,0.20284954370830213,0.3998885436636824,71,9
-1.8189487674657439,0.1331940106882053,5.010726532826143,0.4479105044806116,0.6376434832868626,90,19
-2.3968326429338225,-0.6442418462212993,5.625604535714164,0.15701579107621905,2.351146225064748,96,15
-2.208296932476847,2.3173697658476766,2.4513600243632396,0.11864467885223151,0.3971733503708796,96,20
-1.7228169496016887,2.1837204419283545,1.007651262462348,0.3294164193435071,5.36419715618426,99,26
-1.9895035248520565,-1.6289714216012923,7.732122315524155,0.3459373180276713,2.907091589446154,67,22
-1.7576771866300804,-0.92483100348523,5.521487892441778,0.2974856072181572,4.180517114544325,94,7
-1.6645145307057785,1.0580881398499107,9.132243016727426,0.48125090016676797,1.7442413708399456,90,19
-1.556004298936117,-0.8143352346431149,8.598366017052285,0.2738326312643128,0.3350356936186832,94,6
-1.7530254947671733,-0.4115585619722715,9.503515774135726,0.2221401408499189,0.3660515581785133,99,19
-2.116135601319453,-0.7882128895591243,4.010826950791167,0.6892537222224004,0.3541486768357771,62,21
-2.4326136096040436,1.408547559684074,5.884797724246785,0.040773967700050845,0.16340466067288348,67,21
-1.421071384901448,-0.07204290816401379,2.680282858706904,0.30494201785505876,0.32586826248473505,51,8
-2.3463376091891104,1.255251472924187,6.919330394942261,0.06763509358338611,1.7915030160239793,98,1
-1.9999416829693657,-0.5784963228456211,6.099855322258491,0.3644056530735909,0.8326211915020798,57,15
-1.1911406661423378,0.7974902492313063,1.6311419433761254,0.11202014718345789,1.0989541249789172,95,23
-2.3964912690603373,-0.26368707660120866,0.4573470200455776,0.10898353327219745,0.7145738603202441,64,13
-2.1362314454717564,0.19249368549538745,0.17491077455651594,0.1563331449329001,1.522096595776678,77,15
-1.9407534435041258,,2.6471529354963454,0.12903001034446784,1.8777745103169343,88,16
-2.893254414934966,-0.2596590621669076,9.717533559577618,0.3629626107500119,0.650182582970928,93,21
-2.53448781193679,-0.09128305053566811,0.9445955046044907,0.16550514515351544,0.8990017221636974,87,20
-1.374317574736681,0.25019795844035797,2.182496975396849,0.25111494343863877,0.7948449092791674,95,16
-1.773951844489952,0.7835514266294463,1.5926386736056342,0.3153962259471819,2.0888543267911497,70,15
-1.587238865570086,-0.9523538731805649,3.641447312668454,0.38185141527742145,0.4141258448134065,99,27
-1.8720958258406317,-1.3216550856107556,0.6271293414416113,0.40161979684379884,0.6411761477946345,97,28
-2.9764193902042315,1.2611309221644549,4.655532784376567,0.15783778291758624,1.9389238922874081,64,14
-2.5092740414421693,2.040316692122185,6.788670976572755,0.48758850046410357,1.8328348164274642,95,14
-3.1130988688445393,,3.5539013047495924,0.22305496734061211,1.3143426364863529,64,18
-1.6791391996481455,1.3086882607455315,6.739113023760544,0.3855215714934115,0.6202180924462675,96,11
-0.6448702075635764,-0.3717392975534392,7.940371120800811,0.44992707498635853,0.5906952314185548,99,16
-2.7836873428559423,,9.25396551729582,0.14724501401689094,2.2773265287163214,82,19
-1.4644306470253179,0.4338666115887293,3.1132407905497095,0.21645270552425988,2.0003756859642365,87,22
-1.4552621354421562,,8.406601226710698,0.2341998282425761,1.1101613536035038,92,26
-1.9066351715371403,-0.8495056039615826,7.668450936905643,0.012378030089492854,0.2880473177327049,97,24
-2.685255834348179,-1.6194959363546872,9.551023360198869,0.4063652331240989,2.345386542390843,47,11
-2.433343180442986,1.2434330939582705,1.518198611698438,0.4107118090293933,3.120919778083479,69,10
-3.010008118745403,0.7813188282417818,9.189750830802687,0.050879529411404806,0.35417155763133507,97,21
-2.0627814156459916,-0.6587588614889104,7.852786627655881,0.20594639810037754,0.38736248191845074,88,21
-1.89124121699409,0.35318629520252165,6.246893990790202,0.3776550522928376,3.5968452669657816,83,25
-1.5889757313325608,-0.4563040611108977,2.451493426050926,0.8048123604433388,0.31799736188001143,97,13
-2.102091438188383,0.9304118455611394,6.866481661950333,0.3951288209702707,1.788046096184977,71,11
-2.423892517222234,0.5302604253722791,5.555951997240056,0.28832402486680336,0.7438529590670584,79,11
-2.3450581105663,,2.5135235789339117,0.21782367911038367,0.49227526370902835,98,17
-2.065814108285435,0.13025670870206876,2.340491279630802,0.48317034711037243,0.4141066444214153,91,31
-1.8493050142851135,-0.08143372749047748,4.6700046133205255,0.5283280318930313,0.9027333165581964,85,6
-1.3045149173901627,0.042532870851657814,3.337938230948768,0.3751135915798897,1.0686038953533499,96,17
-0.9767563566087882,2.7995239467496775,3.3464908589496134,0.1761056548645178,3.9911446625980354,99,19
-2.0039727452737828,0.689504994012276,9.121608366821512,0.06609299696126188,0.916506090911969,51,19
-2.538922577635062,0.11245984220853249,8.431485207024457,0.49799484790473336,0.32284876896827,95,25
-1.3857881869876887,0.9053425169086108,1.4848060179480194,0.4860122477411088,0.6643632967179964,89,20
-0.7215151488428582,-0.23335567332422907,0.08796898208403903,0.31422409393523487,0.7772943667896204,99,18
-2.3768749027834524,0.3582550516744215,8.952211385501442,0.030725021125491806,3.618687744771633,43,29
-2.248727437080951,1.0175609783689143,4.070994174707271,0.1908948660202222,0.3660728634349399,57,19
-2.0601704034125525,-2.5847444565031195,7.680151868909927,0.429926405575087,0.4611278465588361,96,19
-1.988907112428908,-1.3208782026430181,0.4497204385382425,0.31028957231431314,2.809160863845139,76,20
-2.338207595692454,-1.2429549232843797,1.1759104291515654,0.338044486363254,0.7922668933345509,85,12
-2.693351339113626,-0.33728940152210524,3.9601004750306212,0.40294452847026757,1.5361065585240408,78,19
-1.6938314595888961,-0.34902139875602856,7.280867757313953,0.4292667759491925,1.8821612481200687,93,23
-2.0675882224112856,0.4565150330592349,3.270632608394184,0.5254235244041935,1.634630814185224,90,22
-1.435458140629622,0.6720997703096862,7.180348768746821,0.06850778198142767,0.11275940349713383,68,28
-1.7278350915297755,1.4744170911094723,0.64000380155393,0.2913247019335769,1.751092145187217,89,16
-1.4899416570082527,,5.971355893088037,0.24948429527484486,1.3910401074737724,98,11
-1.9685001268536433,-0.39206572193581274,0.3088969872771774,0.6981268973313932,2.204310382222157,96,2
-1.6492856170259067,-0.4726700294822494,0.2505124872507525,0.5412798334926259,1.3972672141090534,86,14
-2.3636770600220816,-0.893321859281974,2.411303385581988,0.2275899743152564,3.2927645889819277,90,23
-1.7487248194865421,0.20070395953707482,7.837551793171688,0.1779533224706625,0.5142511583608036,87,11
-1.4942950886245507,-1.2188532286696954,2.112137679722439,0.27803680144940573,1.3294952755882516,33,14
-1.3359906799584553,1.1548885136746236,2.8627355441895173,0.33711139754390723,0.9682564951086472,53,7
-2.146805300347694,0.2670586215319569,8.400629837868419,0.32722519190199134,2.354317862573813,97,25
-1.6998226243441983,0.8194827712343867,1.3995327180791595,0.2407031412552094,1.4249993580484004,97,16
-1.3466337890552622,1.6210356859074482,1.264627985168505,0.1326075512725508,1.275044301362974,97,19
-2.777811458198901,-2.2669391440424183,7.195767642074649,0.20735012025953067,0.8293110539509858,95,34
-2.17821176056926,,6.40365673350029,0.4171183668637017,1.7803636634791498,90,8
-1.707453825049988,,3.3071576389453963,0.12421478517854258,2.5299494960269735,89,7
-2.1412401155180243,,9.617077380846622,0.10510786339143056,0.40641987830273685,99,23
-2.326832521888337,0.8425394274921589,6.792786065214322,0.49015069605376776,1.5630128022978034,84,29
-1.7786301461988943,0.4315779114806838,5.496290241688407,0.4399355053090779,2.878632140362185,93,11
-2.232213472187974,0.13670684306070888,2.3420501175918442,0.4367587214212878,1.1824643542423616,95,20
-1.959516962178107,,0.3558482123045159,0.3009560870519943,1.5278248309180014,35,19
-2.770554006448447,0.9282006927338127,6.873921621542674,0.173870870026522,6.273520806961622,89,30
-2.229522194274882,0.029244217654498972,6.656048148064388,0.32389066448160225,0.30894344724324724,74,11
-1.8542557693054604,,9.095458929242323,0.46982917740052726,0.5837351010725962,82,16
-2.0444586337042723,-0.5079373256085458,2.791697804195048,0.46684439318399656,1.1200614313184343,93,17
-2.0166990017768978,1.8283161659407035,2.515145254206723,0.16416303053384113,2.230725268674949,82,18
-1.835535350237176,-1.1813490020740327,9.881953824335039,0.5597953294154886,0.24343398303135388,95,17
-1.4470887455066994,0.2740081267463048,7.157265888926324,0.1319682095330568,0.36043711942821166,93,20
-2.116205000277022,0.08043318485249762,9.949390878254071,0.1879344262474121,4.042331481124052,97,16
-2.0056553293397736,-0.702152473416773,7.546335613528248,0.1282179999151381,0.6676205614083768,95,24
-1.9569241428262494,-1.353819621211911,4.238747771257028,0.19275620596792442,7.405971781905424,96,26
-2.233278658313795,0.9313315693596264,0.17137653057969882,0.2234995306360846,0.4728455453687868,92,26
-2.3873156061233427,0.0009773892398678991,6.6222651093670155,0.3514033918303237,2.0136440307812093,97,22
-1.5722038073835147,0.9560485664830681,2.951966196210769,0.19821243875989084,0.2698806357951717,92,18
-2.5755263856275494,1.7850182503716663,8.670400578781793,0.278816955766949,0.8626846305288364,87,11
-1.6972050814283344,0.6771561756280498,3.5923629021610717,0.1209365556488402,0.9667207086114217,97,3
-2.099504634650433,0.9634041650636885,8.419798755239324,0.0721017015538598,2.222350193929532,60,22
-2.164549088226667,-0.37852361718104466,0.5543940706632078,0.2823564982225137,0.15437491597952635,91,14
-1.8323214272589206,1.4295587519173887,9.895987348531337,0.5015922362532743,3.8352616020253403,90,5
-1.7567741306158247,1.53227307592052,8.045478665106314,0.35134979073751854,2.8404967617126915,98,13
-2.5135910652162456,0.5719228321597202,4.271291882273328,0.23023011702280663,0.5283191525600555,91,15
-2.012486878235985,-0.217232618149579,0.0947710729382567,0.32867716505937933,0.7557110296918829,85,7
-2.216051987909836,,1.7505514019383028,0.19713622568897401,4.269632709716204,72,18
-2.365504426005855,0.15599758609289247,9.242510357614952,0.14444071585056667,0.8660209438746701,86,25
-3.0405848198209346,0.4678095443614187,8.06439277030741,0.22505054811822334,4.967000440540575,80,10
-1.570276215432592,,5.527757778808082,0.1316584374717724,0.4909740654802956,49,12
-1.55056299468094,-0.2863853805672126,3.466402655410299,0.15597332256288277,0.6433457835373929,0,18
-2.578397402152146,-0.1665615448685068,8.7185953048983,0.31696071826075706,1.6776528584573913,81,22
-2.0492416450951323,0.005905979926915734,5.5450148457907975,0.47514562546851674,0.8196516928611023,98,20
-2.6081527767167647,1.2284177949731911,2.0838486630330366,0.06916781230515946,1.2142984032639736,91,21
-2.1743085460361122,-0.9277937113835848,7.587993802041214,0.5370150520341866,0.5004014426964575,97,17
-2.315617152855169,-1.93486560893721,6.684908078774247,0.01477411058750278,1.0373304348422638,78,9
-1.3215950026945595,-1.515705860165893,3.8589827471869356,0.4616108942845964,2.1727162200885544,95,15
-2.6822396638477786,,0.37843623577073715,0.21469616517305834,0.15793232694337395,91,17
-2.8909944137798433,0.2809105005027834,1.4676439061792312,0.4322491118820662,0.30683267515378126,76,25
-2.173728506231993,1.1747785435866376,6.2142291351597905,0.026731737841728855,0.6671658578921503,95,14
-2.1434741930151118,2.486085020750724,8.843382563345505,0.10388373656161648,1.3072948069462291,90,15
-1.016007680569992,-0.16033881392541802,2.459096136826701,0.2226196965769512,1.2576948829949457,88,23
-2.378512649191865,1.0626969729133022,3.5341481719569834,0.12226943855873046,1.855080674213339,95,13
-1.2610837389202085,-0.5773168035919877,6.678320197098591,0.39552923459549316,1.4441916812327997,93,14
-1.7463769530612345,1.105920516504518,8.699686292957459,0.05333272066386153,1.6067734461306726,81,22
-1.172354751786977,0.2877423952157234,9.616904263072906,0.2735490961063629,0.4994894427286284,97,18
3.140096610454144,,0.2982764801585902,0.22440801129618887,1.064581452234161,92,98
2.1949453402051726,,3.1027236217456022,0.5731569473898817,3.101558458072274,90,83
2.53785406957855,0.5260697073537158,6.185297035486606,0.16063497929747167,0.27332849357226624,82,94
3.2741976422500834,0.3904734087148275,1.510535288669681,0.47816698058163937,1.801935590889123,94,86
2.5585262612472786,-0.2716372409774815,2.1237470316041107,0.4590371307679008,0.6662548763137649,97,85
4.196785085444944,1.4787594988053208,8.998663624246042,0.20867750335591925,6.85928521789523,94,75
2.086741916264049,1.1453573071871106,4.022715716629809,0.15667671974652864,2.081892639657181,92,82
2.686580070305051,0.6940119626496983,4.496207853858323,0.08044944962817148,1.6742488297032754,85,85
3.2363556899054204,-0.6907834489348241,4.346993952062431,0.2945563218595212,0.784965627946545,99,70
3.011065650661887,-0.3872077366758404,6.850702233311829,0.2480466743266379,0.3432488261009837,79,71
2.76506767234635,0.8275402706560829,7.366982832195575,0.3953961386403327,0.6431753385909166,95,80
3.7250032040272236,1.7116609032146606,7.267559183298743,0.19077471997339104,0.8034329215444099,78,79
3.0387353430691983,1.0380375161710553,7.750400603600878,0.35937777281862493,7.27254239349891,55,81
3.539260356892047,-0.17532418558561705,4.943757960399573,0.18999128064777027,0.6375269002418416,93,97
2.790972440527912,0.1655624028669294,5.5142679892854565,0.3962772867427806,0.24827076631657724,81,77
3.5215729651041485,1.24305298192177,4.918654841433411,0.3646747905779121,1.9497950075159562,73,80
3.11716940561277,-1.2906545948871746,7.726988152241503,0.2926654669975466,0.6952745452876571,99,87
2.1903583653813463,-1.3964066555439378,7.597212148413371,0.6099991651076305,0.20101392080355174,88,83
2.3944849220519817,1.057770464726677,0.19580769780395801,0.08360292716044956,1.9912093311082266,91,81
3.564921033247501,,3.200133051170303,0.3361225311445546,0.9077867997400809,89,88
3.0014359586369124,-0.9326474800235675,3.370121245349708,0.4595449709297712,0.9526896952445879,71,86
3.5728658583235173,-0.18161843552734758,0.29632409837862306,0.21470238650758403,1.18077506257353,99,83
3.3642483971434256,,8.137231587763065,0.16795680717809422,0.7604481928046128,81,91
2.4409581086018393,0.5118394036800131,7.919945068917742,0.6570753988539836,0.6441687018287009,95,86
2.4051528183739266,-0.1169712746724452,0.1022369634959952,0.3351162688227791,0.2074229221485102,91,82
2.9490819995386244,0.443515218427292,7.849360128654435,0.24879349951028434,0.46904069156673706,79,75
3.084845722836126,1.5920204890662568,7.068724105889438,0.37979733460101345,1.020961171116427,99,76
2.6521822453899513,,9.689591684839186,0.42195061468305683,0.6843679960754547,90,76
3.2555214572982716,-0.09788445349925454,0.7037005780333738,0.10700187164116468,1.0059326988484818,69,85
2.8928718216464695,,3.316271515849464,0.2631593801628964,2.9210564700969286,99,79
2.621615339279691,,6.518725304751584,0.12050340246661813,2.474314230488767,96,78
3.127518033559253,-0.10015917937291328,7.166326807244907,0.509621670531813,0.6744014530396956,94,81
2.678478001312879,1.0283306884703831,1.1750758417821427,0.21303687239712238,4.445882722788299,80,81
2.2746302728168857,0.7959715261946323,6.668251732751096,0.042564404335213676,0.6355263181320788,96,75
3.7861007154895376,-1.4722364678292141,9.646149529670284,0.448610286035107,0.8989281779841555,99,71
2.0161458947314546,1.8802631060530215,5.47021823694387,0.31903614690169857,1.8120874510743334,90,76
2.1712169530455636,-0.5437152464211841,4.918203418512376,0.5015746500243157,0.3847451981528592,99,74
3.4146767469251067,,6.783820485901054,0.444328795233898,0.18177359311999333,94,93
3.1317235712010807,-0.16647178784796213,9.110901825923232,0.1831941910758046,8.342229724129727,94,87
2.7162831209419767,2.0620633871003924,8.83740946839332,0.2851900043153709,0.197365155480215,93,83
3.970391516772719,0.6431945337132562,0.15952836771582657,0.6019026488922206,2.3454234343395557,75,87
2.80281623842955,0.23365844536727295,7.1179694096230195,0.38963340162227433,0.3376537824007228,98,83
2.943778828302043,-0.5797810386034279,7.445924207116988,0.09390812520270388,0.2237162721880533,93,78
3.0077785906001644,0.18247735156870099,4.661839988264677,0.14886250501147735,1.1241212114918462,98,73
3.3062090163500244,2.281682859867609,3.937593615163255,0.438569531427052,0.48776908859069645,94,79
3.345260523014027,0.8743269247635026,3.5612775495324733,0.25621793724887676,0.6663196265354967,94,71
3.6811789838247506,-0.4408599787703132,4.166633739789317,0.13422954310336718,1.247546443814482,64,77
2.766223147386631,-0.3417171131037666,7.268551634855131,0.14619217429183748,3.185235204491557,83,91
2.977066047027639,0.6069276754381422,8.773440562943444,0.06572159562587579,4.07761249237653,94,78
2.8502006206133212,0.9646459921940493,3.091675929153178,0.3966449608537652,1.3115479307959905,81,84
2.33555583224262,-1.146995951710264,4.769518018038781,0.3175350227179711,0.46609682001423,97,75
2.835382523387411,0.39114464429766943,1.578230349359675,0.029132952173598948,12.851830053508575,78,80
3.1663695195846735,0.7232818431864552,6.521243208518957,0.6720058073738114,1.8997849576577375,93,82
3.0572969720262915,1.2611001766527659,3.5681386472959464,0.3730803087507445,0.09245684346594857,90,76
3.7140390818493927,-1.2043836956166452,1.1828698927602666,0.37664916200304943,12.40395173958864,84,93
3.0993436791310787,2.307086530081442,7.102598773768566,0.10320091884720561,0.2150650787528994,94,85
2.504698530095751,,9.461704357595048,0.3186186324800961,0.959896979259876,96,85
2.742222920634487,-0.4380921870219071,0.8487860197012997,0.19780628678146486,2.66107392313682,90,85
2.591795336075064,-0.49989677767906826,2.5522057470487347,0.5585498798501458,0.359430998394903,69,78
2.699602525694632,0.5876468396536647,0.9249151516497356,0.12366587347666759,0.6624206915736647,98,80
2.955809761350459,-0.9265415942366741,2.9328119421052437,0.35281747009782344,2.2090550553023176,65,77
3.381178225293596,1.7369822244029969,3.2312650814733654,0.6213720997763015,0.1067142996082025,98,93
3.43197093016036,,3.1585805953470913,0.09357964960183536,0.7569869369772093,81,82
2.543495824187079,0.125821968132261,7.161012377112571,0.4680143698594367,0.5123862745542527,94,80
3.2102181639638356,-1.119946569666631,6.877807613985895,0.0707740873953676,0.5883158376908635,94,82
2.965858396230394,-0.5218869544795318,1.45814069643166,0.45211803079478674,3.4751911119391483,54,78
2.82438796438781,-2.0134300523074233,4.031094219512262,0.19209557931537832,0.9453063645866,99,78
2.6660385889613334,-0.028708399552321785,6.027012120050948,0.08754094065867529,1.1520981793880654,82,76
2.63216035509527,-0.10314245756045763,0.697206670474575,0.2221468840193166,2.136365405312451,98,79
2.7340852440268306,-1.761313157311081,5.923117848184242,0.28543292594449526,0.5349271820374367,97,79
3.5217552892367014,,9.153430744757365,0.612374574619799,3.280524580251509,81,89
3.4702290692819115,0.5040768212246709,8.015175462764411,0.1315017607566432,0.31903150146783216,95,82
3.4149005084727193,1.354566764584036,4.181030017413081,0.3938300094306759,0.05643757597718962,69,79
1.8626439536994626,-0.9079522034831508,5.557164324166339,0.24364449861017326,0.07740792671291315,99,91
3.6218029263941913,-1.8180445887604737,6.359451937140742,0.4853627304738055,1.3799319819051084,93,89
3.151859977603913,-0.12273289695541043,4.452886289216163,0.3937440179117681,0.3896362064705485,99,88
3.4329561106777717,1.7944860170295622,2.4288926681144476,0.15479961148899998,0.669279566715153,98,89
2.914368170031634,-0.32050951349092266,4.150017302433504,0.16714592691390678,1.4100101960923797,98,84
3.092376100055389,-0.4712755193759503,7.064763354881927,0.4301292848807244,0.9273757692865995,94,100
3.667265670486759,1.0840724274617004,8.09275132818888,0.37226589402906485,1.0187624859768336,77,88
3.506735518647643,-0.3792232757502017,8.790226729745653,0.46209674681943164,1.207195301539082,98,93
2.536442433561522,-0.362273884318325,2.2931374028999087,0.4723935325060393,0.9780915006186878,96,86
2.6025803909981042,-0.6810706676028542,0.059400101988213994,0.1381522217827407,0.5132152140752271,83,84
3.2244396476230723,0.11520778357099616,9.176815092411537,0.2448316804993201,0.21141553948269173,99,78
3.0989496122853315,-0.017574698980016377,8.421066630457336,0.11130224568975476,0.38626920822642125,79,78
2.555418597114139,0.16263515578167492,3.355960364466676,0.28428610910515895,0.9062492248434012,67,72
2.970956786801952,0.10286154020527016,5.383289840219565,0.21755507253575082,5.2332963395095655,92,79
2.659263990996622,-1.5574807195447447,6.868373669576626,0.17504382834159188,0.49745509541518684,97,85
3.291937352347529,0.6488469453773529,8.238216253236896,0.5268385840997425,2.082078575023224,68,79
4.137351689351696,-1.3922764362215363,9.77219624507857,0.033465935177261305,2.5633636204629084,80,77
2.5461665638512243,-0.3006567496913249,3.1025093668274204,0.3333697848952964,1.2803313584866898,93,74
3.2215263344756373,1.2514152999637402,4.656614720853476,0.2037720599068784,0.821184010997993,98,81
3.210440742366497,0.5953895565301633,0.9336014680696192,0.04144815961117547,0.28906360187204716,86,80
2.8996712726153873,1.5321194494089974,9.385023116852423,0.17012004576045217,0.47860953416015545,90,88
2.8116299967120084,-0.47974277914062624,8.413892295364935,0.27350246338673817,6.368776027990963,47,87
2.827437787859653,-0.5550701713386531,4.393823406527345,0.23873109256801966,3.4481942130508507,67,77
2.2680784972056545,1.1756248405802818,5.553247606054912,0.12780270693767515,2.3264377270330954,99,65
2.0123505486533757,0.1504690426078281,3.9435626667581305,0.46259557612370605,0.5407014048054325,81,73
2.5689366959094,2.0770090791481937,2.8510652514522494,0.09863431981331469,0.3332896790186169,89,75
2.6981821901929903,-0.9205180351443191,0.15452238028462628,0.18095311243544407,1.4172542929333651,14,75
3.37324402081548,0.7333016955003864,1.1970825102789118,0.30967371417137546,0.2537964186664921,69,82
2.449402079277732,0.636084384463523,2.475916235375247,0.3139399447071374,1.2234186530298967,95,74
2.7381981651029137,1.1913156415503037,7.048418877691736,0.18473421951086877,1.396709535602413,77,72
3.5362554274034643,0.6239281257844168,5.823383100557784,0.2486073164219624,1.030979219364635,83,74
3.397883838558383,0.710681174935173,9.968478993464979,0.2865407950364358,1.8004065792846493,80,69
3.2391014126912663,0.17594856160659927,6.780349071857658,0.41535092518432143,1.9616602313184686,53,84
3.552189102598107,0.987199201908642,4.984257538737458,0.2712477338308683,4.180519822373753,77,83
4.327473647523934,-0.4631470123155622,1.2886172791749162,0.08256806718486197,8.234583544240595,87,81
2.949886708687102,0.9341173271268801,0.2732531921760295,0.2291970253279923,0.7512482506158455,93,86
3.3051408432942515,1.8870011310665191,3.3360394248208056,0.06232401339373927,12.561209758435897,95,83
2.935491486338784,-0.6898066078289437,6.33167201869652,0.07864717729580485,1.6999317007437023,77,82
2.9084567151979535,0.7169172133434307,2.019509551170733,0.137980416769766,0.37140908393584315,91,74
2.550840810811269,0.4424761194720129,6.2647956005156455,0.4036189750626893,1.0828877986471326,92,82
3.8458542377638345,-0.9315108631513743,6.204464499820441,0.2392047251361105,0.3886821783187184,89,74
3.096526102952948,0.11266588034477104,2.157307345610916,0.025979426175628654,2.713077023488965,89,78
3.7669845553344956,0.9070422622058512,7.2416779151691335,0.5968112803467094,3.9282348325985685,96,81
3.191821594748513,0.7727500390314809,4.0210415765815,0.23778445402021503,0.4380434482091057,97,86
2.567188664144556,-0.860429082464025,5.774912725638229,0.18415811040079338,0.6936803929884447,99,96
3.0089337977178507,0.2826220572917287,1.7622779234160446,0.29522566340157747,2.43949490797494,99,74
3.3239997495281264,0.4798943614079208,2.548716528874957,0.32976644564895896,0.2888973118631561,63,87
3.1090708425533107,0.9247609223669715,3.0070719317488956,0.2132750821604238,0.5541601527575479,81,91
2.091856474498847,0.057411345133772995,7.4658239190518305,0.336112795199702,0.13774251412799396,87,82
3.008508204562661,,8.031167256199605,0.1145771306723407,1.4468198826582925,98,79
2.806222412201305,,0.3226069954291966,0.150328300257959,0.9390965042632513,94,86
2.793173462955036,,8.68399852316055,0.24529112609771225,0.6354008912312029,80,84
2.315444800423464,-0.6342603165793064,7.668051464120244,0.10999558024392028,0.3713571637057067,80,80
3.9444335605984433,0.7721295152857826,6.144727174290715,0.20135923746905204,1.6420807668224062,72,86
3.491736301669447,0.33299833748136404,4.770959994462343,0.6860866967648672,0.33817317757243465,98,76
2.5864575544641424,0.15186976913679096,3.184181154657985,0.3839948008042922,0.5838997707221536,96,85
2.888347603014718,-0.8000355990878764,1.2279246444192704,0.05312452310544821,1.0651827855752096,99,67
3.6459183718769657,0.9167467010435738,6.900047700512589,0.1520105718270741,0.3561265018783919,79,75
2.187339037139541,0.5784624302421033,0.8931078383182922,0.2821858668381931,0.2353041912193245,81,85
3.788219028084075,1.9545905197344937,4.551670573608679,0.1502514011704536,0.780012602233645,54,85
3.181533983442643,0.700357717878425,0.9223977126220184,0.2762460543669334,1.286339155906436,90,88
3.237564537337714,-1.3837410115960227,4.527946523428393,0.38967704094813027,3.131681746984228,87,81
2.9197576343569254,,2.5766189881681534,0.19110166173610274,1.248597222466241,95,81
3.2204273737311793,-0.0886615273698155,9.462702149873634,0.30681358291726274,0.5270532550904216,96,83
3.9789836034590467,-0.15683869431845943,3.1357853286582893,0.4839459284600574,0.10417139685956879,99,80
3.0550890963854935,-0.19888683683172326,0.9591792319775805,0.09748687460591468,1.274625610100789,80,94
2.6566386294406064,0.16476731075355697,1.2525077683970942,0.3475391355023565,0.2830656379731267,85,80
2.7385529340835477,-0.7391113784814569,4.310683246988755,0.1689607163120136,1.0891120689399527,90,80
3.5221574795930772,-1.589668599472204,9.751465747096866,0.07629701572827599,0.39903356075041263,94,69
3.139087191547161,,9.255484242632726,0.03618898487155485,1.4703533413021292,90,69
3.118142071128908,1.0947519148794684,1.2701772083463603,0.16557025353835989,1.0639571888431918,77,79
2.7255229877152503,0.4603239226298264,1.1280749521997824,0.1850736215480335,1.2659711861694134,81,68
3.706527616684382,,9.515406485546997,0.26709881003727604,1.6264576750587358,90,74
3.0652815505686593,-0.7685010027289887,5.628464427068273,0.1970814211772088,0.3494652560402405,91,87
2.596568087352265,0.8624625806951269,8.986765152291046,0.5142310453495509,5.303854726563205,99,71
2.125087750335075,-1.9681491622836809,6.915720911871224,0.45251609478517296,0.23869386325152792,61,94
2.387738928168564,2.0358269365383714,6.378797683065783,0.4311407256076892,1.0694690051195885,93,79
3.20379673064489,,5.95488113843933,0.22486294434794807,2.006672930449559,85,80
2.559636050751787,0.7135117146557048,9.102878609545932,0.12674615992292246,0.8754286012951012,26,83
1.984520563916401,-0.4576180172565694,4.963800076257923,0.36715036650012634,1.0855191097226375,97,84
2.579571834728416,0.1078503640567191,3.421909145956369,0.04149101630154765,0.6834182492334036,57,71
2.9261319588373613,-0.34239374699051756,4.3854953103802305,0.5432274206354114,1.6665232792032791,87,79
3.2960915886159947,-2.002653896595501,0.925811777720017,0.07027170825792088,2.0553548255617335,78,81
1.7337227374924025,0.6282770243849352,3.6233327014551664,0.09313488771671359,1.937362466944975,68,86
2.9745662969189044,-1.0691363214459066,6.475093750950867,0.39530267607432584,0.9885537465411725,99,81
3.4500179499156003,-1.1496944782379561,9.093589362770146,0.43237387164043883,4.096800364959012,88,84
2.5661359127643086,-0.4860137393798618,9.128873199469394,0.11177968936024044,1.100931941255106,93,82
2.711520161209078,-0.2856683456485974,0.3075798429936316,0.3954691218051413,1.8581432780872462,97,87
3.100436112215881,0.3517154057098288,9.778370744180862,0.6519568754089765,0.6433576974566887,94,79
2.503842892770847,-0.5110036230950351,0.2528685138263209,0.10067573223061488,0.27397951764058354,56,90
2.542688644400231,2.682787940292685,4.3257399870599045,0.25770875681832894,2.6749420251985976,55,75
2.941899859100414,-1.5398378144932878,2.4843707463740863,0.24463556808119122,5.88056433153157,86,90
3.088486154674888,-0.32604441662116135,9.205442642412931,0.125426904065752,1.8831109533986037,90,81
3.287430387419007,0.4855517405521651,3.8653153037561916,0.39741127626029105,0.9997049619741195,92,79
3.008104371351012,1.0881990805676394,6.250825097630194,0.13418301350271164,2.3610978979145605,93,81
3.001343264919805,0.6289603142787802,4.410367158866476,0.18202477109624357,0.5411144112790696,98,83
3.1246935407458483,0.8466387831664968,9.31165982232052,0.22893642290592342,0.42500658161393634,80,78
2.5630054780818052,-0.6931988866936714,3.0841093746694295,0.030831922993188484,0.3082325423341905,89,79
1.9512203647645856,0.5952499146229366,9.254713390793345,0.43503718132491925,0.5777393759508657,93,85
2.5491335195146236,1.3028045418085767,5.538616471725179,0.05453600441324835,0.3412520988433412,73,74
2.756685986515501,0.4924821669743467,7.859529525322292,0.5125341772866802,0.2743578573625764,82,81
2.59078487271173,2.3946809225908092,7.667385909311787,0.28572595503325837,0.2548562735842216,66,78
2.430985456117653,-0.05939134613500154,4.792100478877756,0.47395924457435035,2.603679569470643,82,82
3.5312961692588334,-0.33043827775836704,1.944717475725224,0.19634854393574808,1.187480017870283,88,86
2.5844799329997996,-1.720798089653387,2.1172605692827586,0.13997257248947823,0.2526932008452625,85,85
2.8162905126852467,-0.44018688038573034,8.943864386868777,0.2461766556070989,0.8825864616700458,91,84
3.287636297409096,0.5133014056010745,5.3199069001121115,0.5060441378113648,1.3119782406142506,93,85
3.219675420300195,0.8965547239451146,9.96849492088329,0.276258424168754,0.42795123230279214,90,86
2.635923909402193,1.3971301644324212,3.595092775453307,0.47894862153801054,1.501375967101923,96,90
2.5557351871982497,0.2203102210926203,0.3791338998143112,0.5086204179781323,2.4973444345041758,70,74
2.966447148533151,-0.569023143979162,1.710013945825708,0.3075127661960349,0.16947873492368026,66,86
2.653579723144035,-1.3185042818966368,3.0780786801595115,0.11169841008612127,1.251059871087928,93,78
2.934549067296128,-0.18218311797345813,8.665168629909957,0.10231468460708554,1.9588161201770256,95,79
2.5691751874686166,-1.0267599352093006,0.2414238132703561,0.22710849896127533,1.576285758313423,96,71
3.2079019866669305,-0.19992671407870502,0.6979846416339675,0.35583003858878887,1.9601042024710895,94,74
2.293436125462607,-1.387912809007684,6.560659656495127,0.4306704429311699,0.7600462366668498,86,83
2.8932405770619463,-0.354351970493869,1.5782717573143246,0.045847506112814185,1.3648543622187883,91,73
3.1457153088132648,-0.6319027944549395,9.858164612967524,0.05750408015606594,6.244507938879015,77,74
3.1464100659024554,1.0193081329782692,7.868463725612095,0.1717806452017145,0.38275386472500245,99,81
4.2089161290822625,-1.1696097911484176,1.294594238019544,0.08879760555149435,0.8046946949584827,64,86
2.8853196404261423,-1.6857357218488684,9.762054568271198,0.3866046351578154,1.4917878037982784,89,80
3.0720731896336817,0.7843742585875035,5.708181152303002,0.45550086102352183,0.7138686400816324,86,68
2.9534665181037916,1.505890184197978,9.387109794484243,0.47013607828110177,0.5170665272242587,83,80
3.9526007778478593,0.7732501154784233,8.030419339402263,0.37077644307533025,0.7404134551844709,88,82
3.5036769363866656,-0.14216649334984452,8.715432298700172,0.1997858340383399,12.064715639892272,98,90
3.9657331731263685,,1.5696830787152793,0.15352710941747613,0.2748005476127153,98,79
2.7122940048363384,-0.20955783203154624,9.320019031836624,0.3227229311809019,3.980878108356327,97,82
3.082694802486659,-0.3948989040321151,7.249414610313352,0.037932618448442396,0.5168671655833758,96,74
3.0256200107472986,-1.200887944471744,9.642222924316556,0.09668654271451854,0.11556511638645123,55,84
2.424218021298086,0.013218271020361595,9.910398535191549,0.26678136515741047,1.8086231679654452,90,84
3.171956454143137,1.2879669272789571,2.1261162124700683,0.16078241070344182,1.1615636388799695,84,76
2.5057986734998168,0.8544931502416273,7.61699780242772,0.31440248485719774,0.8052137198114359,87,80
3.5269681970335727,0.35312621548992607,0.27601186846624826,0.24598585435479955,2.1195618163525585,72,77
2.895452921608443,-0.05712070886399012,3.3749287083704047,0.1311689417863778,0.44549767645762817,94,83
2.239615892508063,-0.979311909412939,6.651002800026856,0.2761716596538682,1.2183982454874482,81,86
2.720131378842423,1.090262908164739,7.393324067291643,0.25743812943284766,2.6272608382243274,93,75
3.02350550302066,-1.4370520646669036,6.056953188238529,0.337458872146258,4.798215667312098,78,80
3.873060172504647,-2.1431518079395637,4.152517498457284,0.46864112568497124,1.8066813322357367,85,82
3.4337769432507557,-0.06251267607223276,8.245383087352213,0.5286864132978741,3.622307168374118,60,90
3.046327210534594,-0.423203901284293,1.5076388563436915,0.4769413244164949,0.8274704345448788,81,89
3.4380653942602137,-0.35449301510636894,5.917107513645536,0.332845733999973,0.3136419316624651,94,75
3.0859042997639823,0.7251287760292471,3.4299788148118457,0.2695553225271213,1.2932167814552804,91,83
2.5550739571962233,0.5392515767507919,3.781932989888518,0.2072892894573737,1.1969065342771787,91,83
3.206516668315345,0.6641968457969074,4.523134589792054,0.1308346540196239,0.28859279125167125,92,84
3.43015612247359,1.0906690619764983,6.9681872112911005,0.1796181674284741,0.9415184196185012,80,82
4.525377467361529,-1.268311845633341,1.76344860696393,0.5327609804831543,1.006439238466773,98,83
3.1482758059109965,1.7490722376434742,2.1973941619539508,0.0543882504887281,0.7875234479380602,73,84
2.759078596563837,-0.8534813761520919,6.273354275520027,0.4509760886188705,0.15908976958477183,99,89
3.465393258263705,0.30959150021116155,7.953159056202935,0.0955089408163881,1.0126981385155247,80,88
3.3449233313090323,1.8739080787231819,6.843986100135795,0.4452055854940196,3.742704386251322,78,89
3.790633133693399,1.628865159116666,9.054222997449115,0.21230220926532167,2.259024203070089,67,74
3.375183564202648,1.4133772534344862,1.710315611082892,0.09083956633256679,0.3843599546232546,94,70
2.145266109897583,-0.02163331487861539,9.049817860749714,0.08026996484815352,2.486605830586893,72,79
2.9695875020077636,-1.4585243788912094,1.3318726449665375,0.5814063141756375,0.5762369839009419,98,85
3.6442872201643723,-1.0692713683566133,0.8117428211842936,0.17558244731045447,0.3679267936031667,98,83
3.85489587923154,-0.31669551380755145,2.2101299769695815,0.11346840522193004,4.602046352750834,83,80
2.5843330431209646,-0.6841537073963396,8.462461222944484,0.1794523892244337,6.629907384973371,98,78
2.8919879155328387,-0.7176642697620765,1.056096535187817,0.2449125663003073,1.0302513067047596,89,78
3.327584333584245,-0.235847506888119,9.008847865738742,0.25463807087686313,2.4135537464552357,98,86
2.7955448093816373,,8.628847398035127,0.19331634097213482,0.5573346138845395,66,81
2.8713652220643584,-0.5160835504733431,3.0406979536220256,0.30850445515317243,0.3469106863043045,98,88
3.455084310552358,0.09250473042397364,1.2754976540456575,0.13694154992346513,0.3183893162705112,98,81
3.5070654767134006,-0.99077848519432,6.2011227621614795,0.49192507246764966,0.36279809424847304,96,72
3.5710595514101153,0.7181741659230169,3.7640993655257637,0.3318788363636294,0.667160236596593,89,74
3.252389445760017,0.9464727291521627,4.441080586333896,0.1756151230354786,0.35129122424177905,88,78
2.495331463337181,-0.4578313822840669,3.5747511829315624,0.23988927759760284,3.5616764787157855,85,82
2.931414710193727,0.009846404502042282,6.731062081919133,0.16238932260996602,0.24159794867811404,87,76
2.5073576692362907,1.5183656317729903,2.5756387649417856,0.09413835258776249,2.9018891252010364,97,80
2.7459832356117904,0.8010172717583802,4.0294470442948676,0.35050130197632334,0.34309406182533775,98,84
3.287612660114096,1.6168165154998853,2.7126081700812357,0.21144739977441684,2.344365820515797,57,81
3.0829425437524884,0.7709584205150708,5.782943485595395,0.010755933252503272,0.5852396933981717,92,79
4.105019101451106,1.0314195607783336,6.410924194521889,0.3858446766236894,1.6959694598488801,52,80
3.131786847130008,-0.56579144690132,6.426626217437196,0.262830466626079,1.1436314013921343,95,83
3.2045361152002165,,6.870147679846411,0.28303234599212024,0.8976510105930741,98,93
2.9862077014929915,-0.7633080798701835,7.037732201628612,0.3394291772250858,0.3885561702369911,95,74
3.3856411094523877,0.08387603852267062,1.5096676480852944,0.2009479261580469,0.3996325237412565,92,80
3.8331594007464833,0.5436091569432769,5.016939174798646,0.3036345168689149,2.1058839405431957,98,80
